person_id,person_age,person_income,person_home_ownership,person_emp_length,loan_id,loan_intent,loan_grade,loan_amnt,loan_int_rate,loan_status,loan_percent_income,cb_id,cb_person_default_on_file,cb_person_cred_hist_length
xZjlTQmr-sX7I,22,50000,Mortgage,0,0DEl6qTs-hfiQ,Debtconsolidation,A,12800,5.79,0,0.26,PTHgNlLP-XvtB,N,2
J3jGNZeh-OzZE,26,84996,Rent,0,NaelpPC5-t2kz,Medical,B,9000,11.26,0,0.11,GvqL52S8-S8OH,N,2
QCrl3MTd-8H85,24,55782,Rent,3,Dy72mlJI-6TUS,Homeimprovement,A,17000,7.51,0,0.3,u0KE1FJ7-gAEQ,N,2
M7v6eyLG-26D0,23,44340,Own,0,IOMkIRcN-wXBu,Venture,C,3000,12.98,0,0.07,JBSnaQ5c-FyTs,Y,3
u6uTcHQC-Esk5,23,48000,Mortgage,5,76Z3TmEm-4lZW,Education,C,5000,13.99,0,0.1,D9wblpCD-LFdK,Y,2
asPXbSe1-Zfyo,22,45000,Rent,6,OgjqhMsS-slJh,Debtconsolidation,B,16000,10.59,1,0.36,qKWmsWvD-X1y1,N,4
zw1G3FLG-tku4,29,50000,Mortgage,4,ZhWghdc1-PsrE,Medical,B,21850,12.42,0,0.44,v4ssLH7I-Gs7Y,N,10
pbrxxYCT-azkQ,27,35000,Rent,8,Ocg8CEfd-dYA4,Personal,B,12000,9.91,1,0.34,OWpqlTfj-B7BP,N,8
rz6KYxBX-SCcJ,32,19200,Rent,0,rexKO1Fs-lZn3,Venture,B,5000,9.99,1,0.26,gngDxDmO-YH6A,N,6
U3tpPaOA-3FDc,22,45000,Rent,1,noLRxHpz-ZtJr,Venture,E,10000,NULL,1,0.22,u9GpMjFW-Dzsa,N,2
Zx2PDoqF-vBJi,24,82000,Mortgage,8,8AK6FttX-HrNB,Personal,A,6000,6.76,0,0.07,QCIoQ2Z0-aFDN,N,3
iWzdnAgb-suBH,36,39520,Own,14,pn98XcB0-DUtg,Venture,A,5000,5.79,0,0.13,Uzelr67n-v7SG,N,16
K58ydOiW-a2I3,30,36000,Rent,6,sxSX7s1R-Wo1r,Debtconsolidation,C,4500,13.49,0,0.13,o65QapOc-tR0Z,Y,6
bJNvNByL-bulA,25,155000,Mortgage,9,8hWEWTjS-RzO6,Medical,A,18000,7.51,0,0.12,TZnTXZ7C-qADZ,N,2
tHhovZu7-yAyc,29,220000,Mortgage,13,0eLybnh2-aE9r,Debtconsolidation,B,8500,10.37,0,0.04,I4PWxFFm-Dx3k,N,5
0F73ebtg-cUMd,24,35000,Rent,1,edcXOOuW-AP2k,Debtconsolidation,B,10000,NULL,0,0.29,rZ1ZZj4K-abxq,N,4
QxguCoOz-A8TQ,28,215662,Mortgage,12,YMTqlcva-hOXa,Venture,B,21000,11.99,0,0.1,5N6Comwu-QDQT,N,7
YIHuehGl-eWpc,29,175000,Mortgage,2,IHcxHFyD-ddZE,Homeimprovement,A,10000,NULL,0,0.06,CRO9thKh-NYDn,N,9
5deB5DeT-OKAp,33,54000,Rent,15,vwZi6gb8-h0ve,Debtconsolidation,B,10000,10.99,0,0.19,s2fQ68Mw-HuT3,N,8
buTRyu8E-3IRL,21,45000,Rent,3,dWAbSFLp-YN78,Personal,A,3200,6.54,0,0.07,mY9Zm8i5-0Alw,N,4
U5ZGAnOO-7X0A,24,44000,Rent,2,GpPfyAEQ-xf4Q,Personal,A,10000,7.49,0,0.23,YMii0Ay8-3XdD,N,2
CSdxstlx-8mIo,26,103000,Mortgage,0,7NsYjoqW-9Qss,Personal,C,14000,13.57,1,0.14,pSCbch2x-rw1l,N,4
1cOPf1qD-wFaf,36,45344,Mortgage,11,Q9gpRLzs-elg5,Education,A,16750,7.88,0,0.37,w3Wj01jg-smjd,N,13
H4gHoJtN-N10c,31,50402,Mortgage,4,zhFY8hpf-ZSPD,Venture,C,3000,13.22,0,0.06,kH3LU1Tq-Jgjt,Y,10
u03tbyFD-kivI,21,53000,Mortgage,5,6SlddJLo-ZorK,Venture,C,18000,13.8,0,0.34,tZHUg48k-WmbY,Y,3
kGsgqY0U-QB6x,23,71500,Rent,3,vGTfoX73-Hvd5,Debtconsolidation,D,30000,NULL,1,0.42,pwMMAkxx-M8BU,N,4
o6mELtk2-D6w8,36,24000,Mortgage,2,o4P4s9g8-zrLp,Debtconsolidation,A,1500,9.63,0,0.06,a2Yd1SZQ-zF8G,N,16
Z7IrcAuM-hQ4e,30,62000,Rent,14,QJKW0pkS-BYQN,Medical,B,12000,11.71,0,0.19,0vkNdjj2-gHxl,N,9
CblggIQq-7Fp8,23,80000,Own,7,5O0Qypun-XtT4,Venture,B,25000,9.99,0,0.31,De4YYLZ1-FY1g,N,3
kldtM1j3-f9BS,35,39000,Rent,8,caP8lI9I-mlTd,Medical,B,5000,9.99,1,0.13,tDwgymBR-UP8q,N,6
bsjYmP00-XXsO,23,65000,Mortgage,7,EXQXXO9g-llgX,Education,A,10500,6.03,0,0.16,Yj0s3Sns-mdCe,N,4
utAh29tr-5SKh,25,110004,Mortgage,9,5cuXo8ct-ettp,Homeimprovement,A,15000,7.66,0,0.14,rQDifpHK-lhmT,N,4
HyQps3sR-bRxO,22,50000,Mortgage,6,qxDsU9Gv-RruM,Personal,A,15000,7.9,0,0.3,y84fsHF6-8UmN,N,3
IBn1Z7wt-cq4d,27,61000,Mortgage,11,j7AjFW1k-pN9o,Medical,B,1200,10.37,0,0.02,zY295teH-bgKn,N,5
JlUHLUZA-rfPy,24,64000,Mortgage,8,woPqremP-ROOh,Education,A,5000,7.88,1,0.08,kXb3MoC4-CC80,N,4
r2zRTMkC-8Tq7,30,50000,Mortgage,14,72fr2wCD-HUEr,Debtconsolidation,A,1875,8,0,0.04,oEbc4JGm-aElH,N,9
jihtnqIM-l3Wm,30,60000,Rent,8,ZXvEWTRv-JQXI,Medical,A,5000,NULL,0,0.08,piclsXa6-nFdd,N,8
81S7xySz-HsQY,47,168000,Mortgage,13,uYot9IpR-k8t8,Education,A,8775,8.49,0,0.05,v7sD14be-H2xC,N,12
zoN4iJtm-hXPm,27,146000,Mortgage,5,agOFgpmv-wzM3,Medical,A,2500,8.49,0,0.02,lK21aS2J-YoaY,N,5
JErNX8Ig-DWQK,22,90000,Rent,7,EBC4fYHR-YYYt,Venture,A,12000,5.79,0,0.13,EYIbBkQM-3iOn,N,2
wXiUBziv-iEnX,23,90096,Mortgage,0,3LQRKPrY-enlh,Education,C,10150,11.97,0,0.11,Q89FNQId-Bzsg,N,3
pyy8Hy9A-sS1b,35,70360,Rent,8,glumkzb4-tFxg,Education,A,10000,6.62,0,0.14,QCbJrQam-owI2,N,5
zMqqJNJb-32Dk,21,NULL,Rent,1,pLeboaWw-b4Xf,,A,25000,16.07,0,0.19,gx1Lqjxf-f2U6,Y,3
uEOsSZH4-CIm7,24,40000,Rent,8,LnxfHwJd-tdvi,Medical,C,4500,12.84,0,0.11,fgZCqYMu-fw6D,N,3
lNgK2deW-TQkv,27,75000,Rent,1,dnGceIxZ-q9IA,Homeimprovement,B,20000,NULL,0,0.27,am3l9L3W-tfnW,N,6
TJvond5k-OZsJ,22,96000,Mortgage,3,Sq9jFOjZ-nd4A,Education,C,11400,13.04,0,0.12,LOrdD3hM-coOU,Y,2
BYmg43Fi-Mvaj,21,40000,Rent,3,i536G5cd-egh3,Education,D,7000,14.46,0,0.17,M2sgMabi-q39B,N,3
Q8YyEomw-wqUf,31,95000,Mortgage,1,P3bkWQYA-ePum,Debtconsolidation,B,25000,10.08,0,0.26,DJ6T4YiD-Uv65,N,6
LmwskARR-HyA3,21,41900,Rent,2,0YpSbTgj-CZKT,Venture,C,16000,12.84,1,0.38,j3jnnG3T-iF3N,Y,2
c1fAx8Uh-fk6h,24,60000,Mortgage,8,sx6PRAzY-Tznx,Venture,A,2800,9.32,0,0.05,EPRoZdfe-jiw5,N,4
xpxcSWRB-FrAX,33,25200,Rent,3,b9bBNfOj-LJxL,Medical,E,1600,16.69,1,0.06,ouTxkFeA-7vLK,N,6
FAtQtTri-eraY,27,16800,Rent,3,BH8WdzBF-25wh,Debtconsolidation,B,6500,11.99,1,0.39,gze4W38H-fH69,N,8
EKLnOGSs-hIWR,28,39000,Rent,6,oNzURt6u-FEpT,Medical,D,10000,14.96,1,0.26,AD4iUJjM-eaSJ,N,6
rab9Ff8j-XYqI,23,60000,Rent,0,njPidLt8-wjG5,Venture,A,8400,7.49,0,0.14,e4sGSB0W-WsLj,N,3
Q7uCKXLv-KIzS,35,20000,Rent,0,1OJN1gLu-NODk,Education,D,8500,15.05,1,0.42,Q7q9ycyb-xWEE,Y,10
WwXrx0nj-UG9n,33,56312,Rent,2,U8fDpRKQ-1ejj,Homeimprovement,B,3000,11.71,0,0.05,Jj0uWkj8-Esq5,N,9
bo2MWF7f-ttmC,24,85000,Mortgage,3,aHCMF0aM-o9qY,Homeimprovement,A,NULL,NULL,0,0.1,j4QchCXc-gsrU,N,2
zAGYhdqJ-pD7D,30,43000,Rent,1,4cXZj28b-TIKj,Medical,A,3200,8,0,0.07,4pfUPfsE-8Ltp,N,5
oFC1XDv6-abaY,36,46000,Mortgage,3,6Kdj1wpX-Ov7J,Venture,A,8000,5.42,0,0.17,eyITxeQ1-eBt5,N,15
TJhsLyva-4Aar,24,67000,Own,3,8Q8U4DtR-s6Pc,Venture,C,13000,NULL,0,0.19,Y7gK4CSI-Gxnq,Y,3
DYDPEUcQ-PhL3,26,25000,Mortgage,10,wnKi7Ak3-0kBG,Medical,A,7000,6.99,0,0.28,KQ3snuO3-IdWs,N,2
GvDhikwP-hbP2,30,148000,Rent,8,AR6gBQSg-QGCE,Venture,D,10000,13.55,0,0.07,6oY5oako-UAve,N,9
nOCHCG3B-oirj,37,6000,Own,3,I9iO5CpP-BLfZ,Venture,A,1300,6.03,1,0.22,bAAi9tQ0-jCMx,N,11
YkqeZw2c-ZWXg,26,60000,Mortgage,10,4oX9UjXc-KXTr,Medical,A,12500,6.92,0,0.21,54qHzlW2-9Hcy,N,3
jDvErxLD-zcXr,32,35000,Mortgage,2,TD26zpcY-wnpf,Personal,C,6075,13.49,0,0.17,oG1c9uM9-Ydlo,N,9
GPn8G5iu-D5C6,36,69000,Rent,20,kHfWFYbJ-6mGf,Venture,,12000,NULL,0,NULL,4vbdDaYw-71s6,N,2
F2MQHMlC-v52y,24,37000,Mortgage,8,OBMhGBJX-UvUf,Venture,B,10000,10.99,0,0.27,d37UI3QX-XBO7,N,4
ji3fFcUX-uC4L,23,24000,Own,0,mwNA5RSD-MeZN,Education,A,7000,7.14,0,0.29,D8n27kWQ-M1uS,N,3
PGY9PM7y-SqoL,26,45243,Rent,3,bm0jYjYm-jywv,Venture,B,4800,9.25,0,0.11,Dklqe120-xuMl,N,2
2oP16JhG-F8XW,22,66000,Own,6,63e82hHt-teRu,Education,A,5000,7.9,0,0.08,FQdHlns2-0FWk,N,4
Ng2UrYPJ-wR4Y,23,28000,Rent,5,r0mQH7vv-PX8N,Personal,B,6000,9.63,0,0.21,QDEqf3zL-ArhU,N,4
n5wjd1pM-l0RX,35,53500,Mortgage,1,RLqQTAzP-zpFY,Venture,C,20000,12.53,0,0.37,7fkEuSxa-4cQD,Y,7
lkmbC2Qr-1Nqb,31,24000,Rent,3,JqJmAI7a-Zo6Q,Education,A,6000,8.49,0,0.25,3egeG21L-fj0U,N,5
AN0Tv8Sl-Jdw9,24,9600,Rent,3,K35HQxvr-EgfQ,Education,C,1300,12.73,1,0.14,050HN82m-mgF4,N,2
wW7M1ehu-4Pcf,23,29000,Rent,0,OdCUgCqo-1FdY,Education,E,10000,17.93,1,0.34,AAIm3i82-U7GE,Y,3
u3aAcuGQ-WenL,27,36000,Rent,2,3vzZKm36-aHv6,Medical,B,2000,11.99,0,0.06,UpHIupDO-Z3Ra,N,8
Hrk2jzrJ-ggJY,25,55000,Mortgage,10,LglB2aTr-FqgR,Education,C,15000,NULL,0,0.27,vCPknwyJ-fKt6,Y,3
0xbUO6dd-m6fa,38,34296,Own,1,s87imLzQ-ic3J,Medical,C,12000,NULL,0,0.35,rQWBHM5n-UsKc,Y,12
pOiseZcH-9Fk0,21,45192,Mortgage,0,G0hUayxs-FJjj,Personal,B,11700,10.74,0,0.26,3tcoPzMf-v8ma,N,2
L0lBrO45-rdMJ,23,91000,Mortgage,0,7e6YhDyi-lW2T,Education,B,1000,11.71,0,0.01,YauSEsui-pqb2,N,3
1ocpbjSJ-z6di,31,135000,Mortgage,12,fO7Hnf3c-rglN,Education,C,15000,13.85,0,0.11,j1isnOuI-vt4H,Y,9
YtYvr4Cj-bxpq,30,232050,Mortgage,14,0lmyftrm-4bcR,Medical,E,25000,17.93,1,0.09,SDXBWm4G-EPIP,Y,9
OUEtPkTc-vXcy,23,30000,Rent,3,NAKFoNIk-NYBx,Personal,A,3600,5.99,0,0.12,EUBokKrE-dXz0,N,2
BQh2UH1M-eKJD,34,78000,Rent,9,mlml1vB6-HnK2,Debtconsolidation,E,15000,16.4,1,0.19,hQ9qTMoa-lxwp,N,5
BEgWKAQl-b1GG,32,NULL,Rent,NULL,b9uK0dGB-T4DC,Medical,A,12000,14.54,0,0.27,q8swHn45-O8Oj,N,2
5AnyFimd-amEm,29,30000,Rent,3,NGUD7g9a-5aqy,Medical,B,5000,11.49,0,0.17,W7X2IPZU-neOY,N,9
fouL80A0-GSbF,28,39000,Rent,6,ozHrj2lo-1sBq,Medical,D,8000,14.91,1,0.21,MbRLoU9m-0E32,Y,7
5UAjPi9w-19sy,31,39420,Rent,0,zfm7vp4G-GXDj,Medical,C,2500,15.27,0,0.06,wdYxBxOo-rstP,Y,8
Q6Ky6UtP-7hjb,30,67000,Mortgage,6,arAp8q1t-Ki9W,Homeimprovement,A,10000,6.99,0,0.15,PIbtCvUw-qf3K,N,6
IGJnHlh5-RW15,58,68000,Mortgage,1,cCWKWkrU-4oQC,Personal,B,8000,10.99,0,0.12,eYw3xdOj-cPAp,N,29
fuUiDvEh-F16S,23,40000,Rent,0,EJmOuEUR-J7by,Venture,A,15000,8.94,1,0.38,D9QpeJEQ-Irkg,N,4
d0YRlkdZ-nuLT,28,83000,Mortgage,6,xzTEiD3e-BbFZ,Debtconsolidation,B,5000,NULL,0,0.06,Z5LA433k-5vqf,N,9
Yu00cQ2k-H4hd,21,21700,Rent,2,TrBcx2Ww-zgXl,Homeimprovement,D,5500,14.91,1,0.25,xDklu0NA-P5pb,N,2
ZMj3GDRA-d7ZD,34,54000,Mortgage,5,omOXcYql-IW7h,Venture,A,10000,7.29,0,0.19,oh3NlbzZ-4KTQ,N,7
BvhujxO4-cTTE,23,NULL,Rent,NULL,nQyLRD1Y-MDfU,Education,B,22000,10.62,1,0.31,hAknW4Qp-5z2Y,N,11
yfSpCdRS-4CPq,29,60000,Rent,0,27dlUgzG-kNy1,Homeimprovement,A,4000,7.88,0,0.07,BP5OcZMW-FXEL,N,6
qDeyTYs1-baNz,25,50000,Rent,0,OGSU5oJz-B4De,Homeimprovement,B,6400,9.91,0,0.13,HtcIjFIo-tSbK,N,4
uRNis7rO-QvQS,29,60000,Mortgage,7,tBPcdDSD-M18e,Venture,A,5000,7.66,0,0.08,UWJzkh6T-wIqh,N,10
3nRhlR8i-oOAS,52,25000,Rent,23,Hxa2IflD-IM3I,Medical,D,5000,12.61,1,0.2,7UlWWDkw-NBig,Y,22
wIpK7Gev-GmYY,27,97000,Mortgage,11,ISoB48er-MIWu,Personal,B,3600,9.25,0,0.04,TSHZjj7P-LRvz,N,7
yYFHGWKS-2el6,22,45000,Rent,3,m7NH5fyU-ciQa,Medical,A,5800,7.88,0,0.13,dwuGjAyP-cd2C,N,3
H3iPrkPx-YLN1,22,63800,Mortgage,7,SFDhlddW-OrGb,Debtconsolidation,B,25000,11.36,0,0.39,jn0fXPsl-PlvQ,N,4
PiFbqLrs-M2cE,34,65000,Mortgage,6,Td0WOUDW-RKP6,Debtconsolidation,A,12300,NULL,0,0.19,pURbiFSA-Yx12,N,10
wMaPDqtY-cMTB,26,96000,Rent,2,8b67trl0-OmcG,Homeimprovement,A,1750,6.54,0,0.02,uaQNg57i-GpaK,N,2
k9yN0XhB-mOhY,22,108000,Rent,6,npYpRPsF-7TUf,Education,B,28000,NULL,1,0.26,f5aoiDdb-J2kK,N,4
9FDLodgY-Lpzf,23,60000,Own,2,H9LosMN1-QPaH,Medical,D,18500,15.33,0,0.31,87qA8hsK-BDXZ,N,2
zkt51GgD-xc3p,24,88000,Rent,0,syD8Yswd-QYXa,Homeimprovement,B,14000,9.99,0,0.16,ERE1cQhm-Aej6,N,3
hkbri4rs-RpGC,26,70000,Mortgage,0,RRWiOgZZ-fYSH,Education,A,7000,7.88,0,0.1,B7WrW1dD-3rIL,N,4
KQ3KlXJd-Z1e2,32,73000,Mortgage,7,9f45oO89-3PrT,Personal,C,4750,13.11,1,0.07,2oy4h5yt-GLzB,Y,9
RXHO20XK-84oy,25,27600,Rent,2,Ymf4ftlw-AQtB,Medical,B,7000,9.76,0,0.25,i04ElEjn-YrOf,N,4
KPTJXQoI-j38c,26,110000,Mortgage,0,aP5pfzqg-xor5,Venture,A,15600,6.17,0,0.14,CnOlecuH-MCjx,N,4
tbH6LWOU-T50M,34,84000,Rent,3,tXPHY11i-ixNO,Education,A,9000,5.79,0,0.11,Gu5I5LQE-MkND,N,10
Hds7B4Mo-233B,24,80000,Rent,5,Zq8xAYco-iZXA,Venture,B,10000,11.14,0,0.13,p0YYjhhN-UeAT,N,4
oArD4oX7-F4ZW,23,25200,Rent,7,fARXrroz-2fp0,Education,B,7200,11.86,1,0.29,M4jwbCR2-S0RQ,N,4
2qL2TpcA-3UO0,26,108000,Mortgage,4,LoQ6fSUb-Oz9B,Personal,A,9000,5.79,0,0.08,yyxAqFSr-rcKu,N,2
Joezq1nK-2tgU,28,77544,Mortgage,2,iFX2O6WD-WpWs,Personal,E,15000,16.63,0,0.19,pGvzqlN4-IT6G,Y,5
NiuaKa9Y-w0Hs,28,61500,Rent,1,1iPuEryI-dSA1,Homeimprovement,B,4000,10.95,0,0.07,bCnFP2Ux-4XLZ,N,8
LLjwntfQ-c44w,25,112000,Rent,7,MX5tKFZx-w71A,Debtconsolidation,B,5000,10.25,0,0.04,RbbigFod-syks,N,3
guFdcytZ-qpxP,29,33996,Rent,11,RYDNSh6F-uKnJ,Education,C,4000,13.47,1,0.12,YUSJvJ6Z-Z1dH,N,7
yBfoLC8z-GQDo,23,48000,Rent,3,oDearF6M-xmwb,Debtconsolidation,A,8000,8.49,0,0.17,nvBm4Q9J-i1iu,N,2
ENljx3LO-IwEL,22,20400,Rent,NULL,nicQj109-ARg0,Personal,B,5000,12.42,0,0.25,OIMuab69-ZP6z,N,2
TenczLdH-GbAY,21,24996,Rent,2,X75IPvzb-zEnl,Education,E,5000,16.45,1,0.2,wHtKRCa0-NR75,N,4
DqSErXLN-oOdj,33,15500,Rent,1,CAzxipzI-nRDW,Medical,A,3000,7.51,1,0.19,QvObzTaI-X1ZG,N,5
CGr8LFPX-mxsF,29,48000,Rent,1,QnYsidO9-QwXr,Medical,A,8800,8.49,0,0.18,ifl4LsqP-5tir,N,9
bBQ5Z3rA-gKO8,49,70872,Mortgage,4,GAHXYPMA-LS0k,Debtconsolidation,D,15000,14.84,1,0.21,NkOhYI4T-FjWf,N,11
AplH4Lwm-gyYK,25,90000,Mortgage,7,H7WZlXS5-Rjyu,Debtconsolidation,A,6000,7.14,0,0.07,rZoiEpPc-bciv,N,3
qOcqMw7e-cSEm,24,60000,Rent,8,KZ88A61W-pFpI,Personal,D,20000,13.87,1,0.33,uDYkqUoH-hRNe,N,4
mvkJyvGc-yYuw,22,54000,Rent,4,h0oDhLmM-OrEm,Debtconsolidation,C,9000,15.96,0,0.17,IKk1KTWI-y4IG,Y,3
JUFNPjwk-aC8W,30,30000,Rent,1,5ojlBSwG-GKI8,Personal,B,14500,NULL,1,0.48,43JjwnEd-i6oe,N,8
D2p02PXU-CNuP,25,35500,Rent,5,EyDonijD-HEiN,Medical,B,4000,10.99,0,0.11,gwAHt9Jd-Tza6,N,3
dlUWseIw-3E6Q,29,92250,Rent,2,5YG4x7QJ-GMeb,Medical,B,13000,10.99,0,0.14,6Fj8vXlH-elw6,N,9
LTD2XdcS-ZCv4,24,65000,Mortgage,6,ob9Yrlfi-Ocpc,Personal,B,11000,11.49,0,0.17,iBDB52Wo-4WAb,N,2
HNN6Grnl-fknG,24,75000,Mortgage,9,NuXchJo0-2dX5,Homeimprovement,A,11500,5.42,0,0.15,qBFrloUA-XKUB,N,2
veRNJgmL-xCSy,24,60000,Own,9,FbzhMvqY-Z4Wj,Homeimprovement,B,15000,11.83,0,0.25,pUFPe05Z-xXr7,N,3
uYsLkgLc-OwH6,41,55000,Rent,9,2Wht0eH9-fbh7,Debtconsolidation,B,12000,12.53,0,0.22,piKhYvXC-6Nw7,N,15
fxooxxAu-CqDE,34,47818,Rent,9,t08n6DGE-DQFJ,Medical,A,6800,6.92,0,0.14,HCq3BaR3-I6BZ,N,9
QbDjdC0d-K9os,24,70000,Mortgage,9,q8JDBA2h-xJBS,Debtconsolidation,B,12000,11.36,0,0.17,eYAAbrxl-QUdH,N,4
w3IPOuJk-kZCD,26,36996,Rent,8,YbHR0abC-5BuX,Personal,C,9600,11.97,0,0.26,8flcEvDn-5FMq,Y,4
9BpO8xuX-7q7L,29,38000,Mortgage,NULL,lMQCPF2K-Dgod,Education,A,15000,11.12,0,NULL,HgQFR9vA-fMWf,N,3
GbljOUTf-748w,25,144996,Mortgage,2,eK9NrLmg-zrOZ,Education,E,25000,16.35,0,0.17,5vdXvPeT-FtiH,Y,2
RKAi5Bpd-A2hG,36,45600,Mortgage,6,xCzzcOkC-USuW,Medical,C,10000,13.49,0,0.22,uADkJvTT-nGkW,N,16
vbwEfJTD-LdID,35,52000,Rent,2,6ABpkht2-SdCN,Medical,B,3000,11.48,0,0.06,CE0NeKdg-IICE,N,7
iHar8HN7-1YkN,21,45000,Rent,3,XqGa4BKn-WWe1,Personal,A,7200,9.38,0,0.16,Sfj6mx0T-ixdS,N,4
4r0gkvs0-1A9y,26,85000,Mortgage,8,mj1m2ex4-dikh,Medical,A,15000,7.88,0,0.18,kQnkKSED-jJkb,N,4
1Y8Ek92d-n4Il,23,66912,Mortgage,7,giSkG8vR-qaxi,Personal,C,16000,12.73,0,0.24,EiCh2wTH-uRs0,N,3
bRYeof0L-cqHI,30,100000,Rent,13,0T2YFLWb-IZze,Debtconsolidation,A,12000,7.88,0,0.12,0Y1a64ag-4RLW,N,9
BhJ6Hi7u-hQSR,30,60000,Rent,4,I3F20UdJ-MmRz,Personal,B,12000,10.99,0,0.2,zyvFQhMY-yK0c,N,10
8OfZ06xM-pjmi,36,37000,Mortgage,5,ohMpzXOX-JNbR,Medical,E,3000,18.39,1,0.08,8FSX192n-7XWb,Y,15
YMB1FWwe-bQ5H,29,NULL,Mortgage,13,3nWiB3gK-oN4R,Personal,,15000,15.58,1,0.19,GNyRaC4o-3lp4,Y,4
rgHUJv2L-6UqX,21,45000,Rent,3,Dvfl8eFj-9O2N,Medical,B,9600,12.18,0,0.21,ElwCZI3i-Zedp,N,3
wpaSB5mK-kq19,24,28800,Mortgage,5,7ek2yq4J-Oup6,Debtconsolidation,C,5500,NULL,0,0.19,zUuTLI6x-LSXE,Y,3
WQz1xCtg-rQBx,23,NULL,Rent,0,ccLb7jaq-h2TA,Medical,A,12000,15.68,0,NULL,Wx5Mn82L-Zz8N,Y,3
s75pWmDa-xzk8,24,56000,Mortgage,2,rUuBZnop-TJ2p,Education,C,5250,12.87,0,0.09,gePvbdiY-2COW,N,2
r7gg0Ukx-SkjG,25,60000,Mortgage,6,kWJLMt5l-AoyM,Venture,D,8400,16.89,0,0.14,3K230qMt-1qjk,N,3
SlAQbthu-QeUh,27,85000,Mortgage,9,X67pnsaD-cDua,Medical,B,24000,11.71,0,0.28,QnzzY9Jz-8QYo,N,10
6gvkMnO6-uuqJ,27,55200,Own,4,neElFqPi-j5eC,Education,B,4000,NULL,0,0.07,KvWZcfUs-8W1E,N,10
mbqsZswZ-tAlH,37,117000,Mortgage,3,DiF4TOvO-pJ6m,Personal,A,10000,8.94,0,0.09,gK4X6Np8-Y9xI,N,11
NtTgThjI-cGag,35,24000,Mortgage,14,UKiWbOIQ-8sLd,Debtconsolidation,A,4000,7.49,0,0.17,S3j7psOE-M0u5,N,7
Qo9bG7qs-rBqG,26,45000,Rent,6,0pI7tgKH-quBa,Medical,A,3575,NULL,0,0.08,joLj1p0w-YsIR,N,2
2RDFhRYK-Pfmh,25,55000,Rent,2,oiPZG06v-npYx,,,7200,9.88,0,0.18,fM4wDFZL-fZFM,N,4
uZlF4dqv-hY7d,25,29000,Rent,5,eipmYDTU-Folk,Venture,A,10000,7.49,1,0.34,XlTG9BxQ-sRYG,N,2
byqNuvCR-wCl2,33,24000,Rent,NULL,Lr5SHeZM-aUub,Debtconsolidation,D,1000,14.91,1,0.04,DGGIKUXv-IK29,Y,10
WAwUiLik-5mQX,23,92000,Mortgage,7,2eq63G7B-PFeX,Personal,B,15000,11.26,0,0.16,COvG0Egu-QN1J,N,2
5GmnRe3w-SNAp,23,50004,Mortgage,7,PuRDPMj1-KOW5,Personal,A,6000,NULL,0,0.12,XOaS0oXN-GpsA,N,3
7aIcoNSW-R7PF,23,87000,Mortgage,7,KzXESYh2-FHIC,Medical,A,17000,7.51,0,0.2,Kd4HOeC7-5PLk,N,3
tsIjFW3T-MUyb,38,55000,Rent,0,l3ysMnrx-uPM8,Education,C,6500,11.03,0,0.12,fArusKjy-hLc7,Y,12
nXxFkiUx-aSFn,35,52500,Rent,3,Ik8zn1vH-b4wP,Homeimprovement,B,12000,10.36,0,0.23,B8XklpzX-EbAJ,N,8
qlAkDktn-BX8O,23,74000,Own,7,jj2ZzYmz-Gdq0,Personal,D,15000,15.99,0,0.2,sy4FTN1i-OEaw,Y,4
6hopmeuD-w3Ke,29,120000,Own,10,HhFnhAe2-XIcw,Personal,B,18000,11.49,0,0.15,nOHQ895X-clrs,N,10
cTDz17U9-opsU,38,48000,Mortgage,23,I2apZ8Lj-bzS9,Medical,D,9000,15.21,1,0.19,nXUKnwZO-T6qG,Y,15
Xh97SmmR-T8tM,24,54500,Mortgage,7,DXyOidv7-gdbk,Medical,D,8000,17.49,1,0.15,eHQDoQMi-dat8,N,4
Hu1v5l4C-Rt0o,21,36000,Rent,NULL,XjCkR8Ab-Xn06,Personal,B,18000,9.88,1,0.5,6Ql4YuhO-1xLY,N,3
HfSoxpR2-BpGS,22,51000,Rent,6,upPqHIaA-c8sB,Education,A,7500,5.99,0,0.15,EFghUSJv-nj0e,N,3
Ke9GAsjD-4ICN,33,59000,Rent,17,OXFo4pfx-G9Rd,Medical,B,9600,9.91,0,0.16,p25AZZxp-C9Dd,N,8
zjfoYKKD-w0MI,24,88000,Mortgage,2,bkkFivp2-MCQn,Personal,A,8000,5.99,0,0.09,qKflXH8K-hwKH,N,4
mx4gENm0-pcWB,23,52360,Mortgage,NULL,IyBE3EtQ-wJhC,Venture,D,15000,16.49,0,0.29,1U21z2cG-rz3O,Y,2
8Knp74FQ-GUL7,NULL,41160,Rent,2,8ezuhXRl-5wg6,Debtconsolidation,A,NULL,12.99,0,0.29,tboFgU4p-pjAP,N,3
Xw48G3Ub-zfyl,27,37000,Rent,NULL,9qAgSRYz-9TEO,Medical,B,9000,11.11,0,0.24,rxjKKPyc-ERNu,N,5
cesBt1ue-1gFP,26,85000,Rent,3,GoixrHQv-KY16,Homeimprovement,C,21000,13.92,0,0.25,Jy0XpP40-MxpS,N,3
qvOkUEew-AHlI,23,60000,Rent,1,jGosfFS7-dLtg,Education,C,11000,14.22,0,0.18,lji8xcaf-DhkD,N,4
ODhQ9Pwr-oJRz,22,92496,Mortgage,2,KaIMxzyc-Ol0f,Education,A,10200,NULL,0,0.11,aTmQjDs3-s8ll,N,4
7eFbeFRL-YLCP,24,42000,Mortgage,9,mKs838Fr-n16e,Personal,A,11000,5.42,0,0.26,s2GGoacb-scOr,N,4
frMpguAW-39fy,27,120000,Mortgage,2,hFQNlWdT-dRe3,Venture,B,16000,12.21,0,0.13,GODe0QNN-ZKkk,N,5
HHAk1O2c-CfSD,31,42000,Rent,2,gowRJZDi-o4Mk,Medical,A,7000,7.9,0,0.17,OqGcisXj-7GB0,N,7
EYl5jXSG-IZnt,38,22000,Rent,2,Qjc1pwEu-Ybxq,Venture,C,4000,12.68,0,0.18,1XiZyvzD-uyjt,Y,12
sRk1dam7-RAKE,24,85000,Rent,1,0a7LiYSY-2FyX,Venture,B,16000,11.99,0,0.19,cK09cAdY-k7nh,N,3
LsyN5b4Z-XzFG,21,19968,Rent,4,LjMbzTjl-U0LR,Medical,C,5000,NULL,1,0.25,rcO7KQXw-7h6n,N,3
erNEFXxa-bNvp,23,28000,Own,6,DyiRLzN6-0CU1,Venture,B,7000,9.99,0,0.25,r9hbS2qL-FXYs,N,4
1NIBid6l-6J8r,23,50000,Rent,6,w1l7KE1W-0scY,Education,C,3000,NULL,0,0.06,xtJmMboi-jjXu,Y,2
lS7EZDe8-l1qy,31,99504,Rent,5,WLPG6ayE-RptX,Debtconsolidation,C,7500,13.57,0,0.08,raQG6dKM-nu81,N,10
YmB2Rnsc-oQ5h,31,48000,Rent,11,gG4lcPsb-RM3D,Medical,B,2000,10.65,0,0.04,xya09eZJ-67vU,N,6
ZQmMECOn-LyG7,27,46000,Mortgage,2,j0v8fLrv-S0kv,Personal,C,4000,12.53,1,0.09,oKHJ8cBL-uIU5,Y,9
PKouDELv-z8WR,24,90000,Rent,8,Wbwwd2dg-vjuA,Homeimprovement,B,10000,NULL,0,0.11,WaEUMq8v-9dzw,N,2
yWPx5hNL-ckyq,24,91800,Mortgage,0,Qs0Em1Bi-1r9J,Medical,C,16000,14.22,1,0.15,8MW0KJwU-pnhT,N,4
LoBc4fI8-geLM,26,45000,Rent,3,NKxnlqf2-NRRr,Medical,A,6000,7.49,0,0.13,6aCH8KFH-STI3,N,2
2kmJOaxc-P7qp,24,105804,Mortgage,NULL,Bb97KFAT-k0Fu,Personal,,15000,10.25,1,0.41,Jf59I55L-oW9H,N,4
O5mzA8KN-wtKC,35,273700,Mortgage,8,LMaq9jH1-vlN0,Medical,D,25000,14.59,1,0.08,ynZydWAO-txtl,N,6
8b5caH2B-xpiM,46,80000,Mortgage,8,FmGcdv7M-ZIg8,Venture,B,5000,11.86,0,0.06,pYQuQ7Cz-IAJh,N,15
bWBG5sxh-O8H3,21,45000,Mortgage,4,gEPFdDtv-n6z8,Education,A,5000,7.14,0,0.11,914X1W2D-PEHF,N,4
9oXdgps0-JS4I,25,26000,Rent,4,lHJyf1H8-48iq,Medical,C,8000,12.87,1,0.31,dl06GuPo-mc2q,Y,3
wKkI2DIn-tH7X,31,110000,Mortgage,4,qecKkI0Q-2aPG,Debtconsolidation,B,6000,11.99,0,0.05,TPTqh2Wy-fmbY,N,7
IorcgtE5-QekT,33,38400,Rent,6,O4Clqqu0-ZJ44,Medical,B,10500,11.99,0,0.27,fRxIdKZk-pHL2,N,8
B2nfKCYa-720R,23,73164,Mortgage,7,BdJUZKEU-OlYd,Venture,B,1000,10.36,0,0.01,DRuOY2aw-3mGD,N,2
RYlPdw48-DoMH,26,95000,Mortgage,1,d1nUjKtc-NcAk,Personal,B,24000,10.99,0,0.25,hGFCoX4c-12rq,N,3
cFzLou13-ir4E,23,20000,Rent,6,jmmOa1kn-UuzN,Personal,C,4000,12.23,0,0.2,rBpycq3y-N0Zk,Y,2
sOAWbmA0-ByvB,42,38400,Rent,4,YMYqOBHj-xNjr,Medical,B,13000,NULL,1,0.34,9ddfna7A-7IQk,N,11
ew9682gL-SbA1,32,60000,Mortgage,11,J9J89Z6S-YqMr,Personal,C,7500,11.03,0,0.13,eT8vjp6F-ZPit,Y,10
bID0K67N-vQW8,25,28800,Rent,5,yr2df52L-C7Eq,Personal,A,5575,6.62,0,0.19,e7ynJKU7-HMr1,N,4
dN39htvu-Oymj,29,46000,Rent,6,6TY3n4yr-iH2S,Venture,B,4000,9.99,0,0.09,gTfKXGcK-FNsc,N,9
de8DYYMg-UDII,23,36100,Rent,2,Y02IsKhH-m4Ts,Education,A,5000,7.49,0,0.14,zBD1odBl-yij2,N,4
xwxxE1Wy-Q6DQ,23,52000,Rent,1,u4ws8UqB-mjK3,Personal,C,25000,13.22,1,0.48,TmjTYHWG-jIcA,N,2
fi5GAb2C-ONmG,28,62000,Rent,4,HQ9biDtC-bare,Personal,C,7200,12.99,0,0.12,K0rkrvkn-mQhs,Y,9
jo3C4TDx-Ic6p,23,72000,Mortgage,5,C5MB5nxl-aydo,Personal,D,12000,16.29,0,0.17,x3QJ3E5x-NfdP,N,2
8NMhnOSC-4s8a,21,16800,Mortgage,0,ipranIax-lAKR,Venture,B,6000,10.39,1,0.36,bTZ8Mjjg-nxAH,N,4
bh4Lhdv5-dprs,25,40000,Mortgage,9,vpkNg8T2-SpwW,Medical,C,3500,13.49,0,0.09,NMt2E7lc-XlDr,Y,3
uHZxxrga-4y1b,23,38000,Mortgage,5,bsHZngMu-SRls,Personal,A,5400,7.9,0,0.14,ZvD91Bbt-GLpW,N,3
Nj9hQnpD-GxP0,23,35000,Rent,0,CJwSToAj-nZo3,Debtconsolidation,C,5200,13.92,0,0.15,M6dgIJsg-qyO2,N,2
qYZjnZTj-S2pA,30,40000,Rent,4,858XFQtN-UiXQ,Venture,C,4500,14.26,0,0.11,svg8odFf-HK2Q,Y,6
5fG907je-5S5m,23,120000,Rent,3,ERUv3MHy-JAyj,Venture,A,3725,8.49,0,0.03,mf5C2anE-Gh0N,N,2
TOPqZQSW-IBBf,22,42000,Rent,0,iJI0Wem3-W4ig,Venture,C,3600,14.72,0,0.09,FdCqvtLi-Wm4A,Y,4
WEQav1ag-IUmr,32,101000,Mortgage,12,nonl7gLn-OoR3,Debtconsolidation,B,8000,11.49,0,0.08,Z6FaEKcm-0tAm,N,5
X5sLBe45-oCX4,21,28000,Rent,3,DttNX5Ti-K0jK,Education,B,8000,10.99,1,0.29,fZbBIdZw-m7re,N,2
ANN47XHN-EOX5,26,48000,Mortgage,10,27uDdIB2-XCm3,Venture,C,13800,13.49,0,0.29,zEHz8Zcg-8BZE,Y,2
syUGxA2W-JKyf,27,78000,Mortgage,1,ORLXXe5b-0vGU,Venture,A,5125,8.59,0,0.07,ElnqjWNQ-nxmY,N,8
UjWau6ze-ZGBj,31,18000,Rent,6,Q5DmyShC-z4MM,Education,C,4000,12.84,1,0.22,c1Es9hwF-88Zj,N,5
Bs9uwXon-4AOu,32,84456,Rent,5,hN57kETt-r70p,Debtconsolidation,B,10000,9.88,0,0.12,0UIB9Lhp-bMLh,N,10
xMY2BPI5-zPBF,35,48000,Own,6,008C2FIu-sC1z,Homeimprovement,C,4200,13.61,0,0.09,dBh91gKy-D4FL,N,7
BMsiTRRu-vrdF,22,31000,Rent,7,54dI1TJ4-fb2O,Medical,D,9250,14.11,1,0.3,7w7QGm48-1ReN,N,4
xmcKk4GB-QE3N,22,69996,Mortgage,6,2FiPf3k8-1bR3,Venture,B,10000,10,0,0.14,ZXsi9uSO-UFS1,N,4
3LCL4Kz8-yL32,29,76000,Rent,2,GdLhW2Mv-7LAK,Medical,B,7200,NULL,0,0.09,uqLFp6TO-c8lH,N,8
cY5jOqvW-OFbE,22,57000,Mortgage,1,i0mCLk4x-HSua,Venture,A,3200,5.99,0,0.06,xE4EvZSN-h76y,N,4
3jEm7UrU-hyKx,22,66000,Mortgage,6,iu17fFXs-Kcmd,Education,C,15000,11.72,0,0.23,OFSUwPcY-TYO1,Y,2
YnrD28KG-7wCa,47,85000,Mortgage,3,akoOEjeO-29Qy,Homeimprovement,A,10000,8.07,0,0.12,SRrALMs6-QIEY,N,15
IrQvz1vD-12us,22,36000,Mortgage,6,upmeH4v7-na8Z,Debtconsolidation,A,5975,7.42,0,0.17,SEWkFC4P-falp,N,4
M9nLPQSe-0ekv,30,140000,Mortgage,2,cClZWipJ-lcri,Homeimprovement,E,15000,16.35,0,0.11,oMkqHW4r-HrxK,N,5
Ml1kmqQC-B7Od,33,56400,Mortgage,3,KSDquwLK-pPsr,Education,B,8500,12.42,1,0.15,IUNxXWWk-QJHC,N,6
n0Jk3UO3-Ommp,23,60000,Rent,0,mI8AmH0u-flJt,Education,C,11200,10.78,0,0.19,Rmf3cyuK-c0TT,N,3
otDlTA7H-bmlv,22,40000,Mortgage,3,k51gvIzd-agno,Debtconsolidation,B,7500,11.49,0,0.19,JQ6SJhAf-pHjq,N,3
cTgPNN14-1cmc,36,24000,Rent,20,uE3WIvsY-tivq,Debtconsolidation,B,10000,11.86,1,0.42,PgKX0hM0-Hhgh,N,15
qpBF42xv-aNRw,32,235000,Rent,1,A5TXjSKp-EJHI,Personal,C,25000,12.53,0,0.11,kMzDQHiQ-LAWK,Y,7
h7vLdXH9-pWxo,21,33000,Mortgage,5,hlnNmicO-22WA,Homeimprovement,C,2000,14.27,1,0.06,Ajtoc58N-bnF2,N,4
CBJoDcXm-gkTn,27,39000,Rent,0,u6Bmx1hp-PqfQ,Education,C,8000,11.03,0,0.21,zCiEfAUM-vGvX,N,9
Kb4PsvNv-SGZE,31,40000,Own,0,WTWrFsEz-5pSh,Medical,D,15000,15.31,0,0.38,Yn70yTJ8-Uq0M,Y,10
vQeKi6jj-S7Mp,28,90000,Mortgage,12,UTlIhe5Z-C3Rx,Homeimprovement,C,5000,14.79,0,0.06,lxX6OwH3-4caY,Y,8
Ys5rJiJn-F0lk,22,42500,Rent,0,kcUzGUwN-RWRk,Medical,E,1500,17.19,1,0.04,7cdWHgBj-pEDY,Y,4
Af6D9iZa-cOqL,25,70000,Rent,1,uqKLAfKW-nAk0,Venture,A,5750,8,0,0.08,4atKuGoJ-vpH7,N,4
6gF0Q48W-9LLa,36,145000,Rent,0,zyZrOPNL-QU2N,Medical,B,25000,NULL,0,0.17,uKSMh7Jr-arGN,N,15
34pgm6v9-wwFt,33,66500,Mortgage,1,NW1cmQ2g-Yn83,Education,A,NULL,7.14,0,NULL,Sge4oaPR-TdZ0,N,9
BKXP8C3G-f0KR,34,93100,Rent,2,cSKdy6Eh-eaWz,Homeimprovement,C,8000,NULL,0,0.09,Dm02tacQ-DrSe,N,9
6jrsiCDU-M9RF,26,67000,Rent,9,50lwZWRO-MNag,Venture,A,8000,7.14,0,0.12,SHlORvQe-XKxR,N,2
DzXzUjEO-PeIq,28,NULL,Rent,7,2N46TsSR-PvsB,Education,A,20000,10.62,0,NULL,aQrJ52hN-dCFG,N,4
ZzjMu3Ax-Zn6U,40,52479,Rent,17,5UehHITe-EICG,Personal,D,6600,14.54,1,0.13,nMmTtwUf-MEoq,N,13
3AbzodvI-K2gj,31,165000,Mortgage,3,aaEpZ9Hf-UtMU,Homeimprovement,C,15000,12.61,0,0.09,n3LKTSPU-N8Uo,N,7
qa0vkfkz-XCOs,21,30000,Rent,0,9OnBuPvE-TUhl,Debtconsolidation,C,1500,13.92,0,0.05,vzPg83AW-6GCP,N,2
m93mfew8-1F2C,23,39292,Mortgage,3,gLdpvzPx-GRqz,Medical,A,3250,NULL,1,0.08,0wHj7n6u-JfcY,N,3
rHkkOz6v-b6D5,27,65000,Rent,5,QwkWBI5U-bhnI,Personal,E,7000,16.82,0,0.11,Th5IcjTW-evcu,N,9
lkPCb4C5-uDdP,43,54000,Rent,0,od8H684N-22T8,Homeimprovement,D,9000,15.65,1,0.17,gzugnfEW-tOXE,Y,16
RjwQe0Pu-1Ttd,36,79200,Mortgage,19,7eY58xcX-eeix,Personal,A,10000,6.03,0,0.13,LaOnFKWd-peoD,N,14
w5B6ZJkU-TnMv,24,65450,Rent,7,ztc7dsmN-2rUO,Debtconsolidation,A,9600,8.49,0,0.15,KHhUYOp5-dX95,N,2
JkKRmhSJ-aYOK,22,38004,Own,0,Fzbvi8dY-W7nj,Venture,D,3000,12.92,0,0.08,O5S8SkOC-Mp8B,Y,3
NDKSN4yY-8X3t,39,90000,Mortgage,15,2ywUwfyF-sjpn,Venture,A,10500,7.66,0,0.12,EMnA9NlK-0Hiq,N,12
SZJRuXdh-UfJI,34,80000,Rent,0,uszQ0Y0K-it3C,Debtconsolidation,A,30000,6.62,1,0.38,ZMSgJLjy-TmnH,N,5
sPhRnadI-m5WM,25,75600,Mortgage,7,SBWNH4Nf-qE4I,Medical,C,15000,12.68,0,0.2,9D2I8rvA-NoCA,N,2
q8S2MG0G-vIph,24,185000,Mortgage,8,KAfZ3G9t-T2ee,Personal,A,10000,6.92,0,0.05,JP2ZTOjU-muUp,N,3
FbH0m7EC-vfKQ,25,80000,Own,9,gyYzaYt7-4Gh6,Venture,C,12800,NULL,0,0.16,kki4WOLb-o3fg,N,3
zvXW269D-19LF,24,48661,Mortgage,7,hH4yp1Cx-cRjb,Education,D,8000,17.58,0,0.16,OAp0ukkT-QYD4,N,2
xR9pcmNX-ecjB,26,65000,Rent,4,tLDrn0sg-kNRh,Personal,A,8000,6.92,0,0.12,N3d29NjA-fSts,N,4
MCTnkovx-OkZI,26,59600,Mortgage,9,wQFS87yA-69IY,Venture,E,21000,16.45,1,0.35,1BNbfBPb-9no0,N,2
Za9vFLAg-4shL,23,66000,Mortgage,8,nTNFgHRQ-35xj,Education,B,8750,9.99,0,0.13,7AbH93HS-anUN,N,2
FESrhmDv-zXX1,26,97000,Mortgage,5,lm1n8W3p-mPi8,Debtconsolidation,A,4000,6.62,0,0.04,Z2qKnAfU-4rKT,N,4
KI7BqsSt-Iavt,21,39000,Rent,4,HvtjOceb-inOW,Education,B,6000,10.38,0,0.15,9oWRTWUT-L49X,N,3
4PQSMD5c-n9J5,23,46000,Rent,2,wY17bFvU-75Py,Venture,D,6800,15.65,1,0.15,jIN59Fcd-GxN1,Y,4
EbK8pAhP-qrNe,24,50000,Rent,6,oZwyvw1E-fN0S,Personal,A,4000,7.66,0,0.08,LXTSCpdW-veiT,N,4
wfoF4hsy-sPIH,32,40277,Rent,5,yI3nJJWF-1GpQ,Medical,B,15000,11.71,1,0.37,gXsECNoE-7d2r,N,8
0YxewUDY-ulIk,26,21000,Own,4,ghLeZ5Nv-1lvT,Education,C,8000,13.79,0,0.38,BbwgfTz5-19Lw,Y,3
qlWL5n7v-00z9,27,50000,Rent,5,M4zrvEh2-v0UC,Venture,B,12000,10.37,0,0.24,w6OC79WL-49ZC,N,9
4fXmWjJB-zGmt,21,27000,Rent,5,izxP0wrw-owKw,Medical,D,4000,15.58,1,0.15,MtShFnZa-oaMO,Y,2
KERy1kyl-jutD,26,48000,Rent,2,HNp70km2-FOHd,Medical,B,10000,12.21,0,0.21,PKWbovnW-oxoi,N,3
dFimbEm6-MqeJ,31,102000,Mortgage,5,t14nQyu7-LdEp,Education,A,4000,7.88,0,0.04,iMZJL9pS-vRPU,N,10
izH1rjtT-aKsE,41,24000,Rent,2,8ZZw9H3h-3G3G,Debtconsolidation,D,4000,16.07,1,0.17,jeW64J8F-LUiC,N,14
jgejgj4Q-T2mX,24,70000,Mortgage,4,Qd1z2fzs-XCRq,Education,B,21000,11.99,0,0.3,nwNw9KhT-xSE4,N,4
lDA8rpHS-BnvK,26,22800,Rent,4,NFxlA8Yf-pGM9,Personal,C,5000,13.57,0,0.22,CjLuU6Eb-t6oK,Y,2
lvzTqo8e-r7BJ,32,85000,Rent,7,2hpumX4i-XgIK,Debtconsolidation,B,6000,11.71,0,0.07,gG6zRccB-QEYq,N,5
g4Mr3Ive-qybd,22,35000,Rent,4,j6ZJWBKr-2hnm,Venture,C,1000,NULL,0,0.03,7bHzQtAW-fsii,Y,3
oI4mI4Sh-QpUx,30,66000,Mortgage,15,ayPqhqar-7YAP,Venture,B,15000,11.14,0,0.23,qr2Q7QxW-jAE3,N,8
g8P9eB38-v1bs,32,32004,Rent,10,57p1yG6N-81si,Debtconsolidation,C,10400,15.27,1,0.32,ErsQCbdr-Uvko,N,9
Q7EDyO67-LI4X,31,190000,Own,8,bqikDm84-fSMv,Education,A,15000,6.03,0,0.08,I0bHATPC-yIXP,N,8
ldNGslLe-Rrer,22,18000,Own,3,HxjlmUMk-XOUF,Personal,A,3000,7.9,1,0.17,p0LegE4F-7OjT,N,4
x8ovO8cg-Yhgg,30,9600,Rent,NULL,x8v512L7-ET4m,Personal,A,1800,5.99,1,0.19,v8W6fnE7-HWxY,N,8
4kc1SNie-l58o,31,56000,Mortgage,4,NfiWEpwr-U6Tc,Medical,A,8000,8.59,0,0.14,OMFh9Hc3-h9LH,N,6
cYWEAiJj-l0I6,23,90000,Mortgage,7,LYx9TPCe-tE2E,Personal,D,15000,15.31,0,0.17,vU7qaQ6Z-tM32,Y,4
ySGnK6Kf-wGSh,25,39000,Rent,3,crTzPL6G-ER3c,Homeimprovement,A,2000,7.66,1,0.05,iMIm07tx-6s0C,N,4
78H9M5CT-dl3G,26,67000,Mortgage,10,wLggzIWx-ha9o,Personal,B,10000,12.21,0,0.15,BUTtzlN0-TRkO,N,3
a7Grs2fc-guBt,29,55000,Mortgage,1,25cwXKPq-IwLg,Venture,A,12625,7.9,0,0.23,ckWELB4R-aSer,N,6
ICprTb6t-yPXf,25,42000,Rent,3,5JiaDi9D-tg1l,Venture,A,18000,6.17,1,0.43,1lafB6Nt-Yb9L,N,2
cFCLRU7N-rndh,26,21600,Rent,0,nkAjuZDA-2sMm,Debtconsolidation,B,5000,9.99,0,0.23,Skm8QDBX-dt95,N,4
CEWhSAoE-iCzZ,27,113800,Mortgage,3,DfhTWaiF-brp9,Medical,A,7500,8.63,0,0.07,B0x1PCB4-elXn,N,10
YwpscPjN-RyGi,39,32000,Rent,NULL,Euaik5Ct-RgtN,Venture,A,NULL,11.71,0,0.12,oRnThfJH-8EDo,N,3
SHU8SdnW-Q7eQ,31,24996,Rent,0,EM27KFOI-3CCU,Debtconsolidation,C,5000,12.99,1,0.2,mSLfIKgm-uYZp,N,8
InR0jP1Q-EtCM,27,26000,Rent,6,c0C7MO37-wW09,Personal,B,6000,10.75,0,0.23,uJfE32mt-B4XX,N,10
6ISQjhEW-1lHT,NULL,47000,Own,8,Iigvlx5q-BzTH,Venture,A,6000,7.9,0,NULL,Ot7L2Jap-Z517,N,10
Dt0bhEHM-Ua6p,24,110000,Mortgage,8,K3Zar92f-Obj7,Personal,A,27300,7.51,0,0.25,njo4j6Kf-ukba,N,3
61ttIJCf-C4fE,31,82656,Other,10,dk0QWFPt-FbZt,Debtconsolidation,C,6000,12.09,0,0.07,TFs6R9cP-sAcA,Y,9
D2Ls1bE2-6p1T,40,81120,Mortgage,1,akcQLWec-H9s3,Education,B,24000,9.25,0,0.3,vb1wahP1-DxUp,N,15
hlAhOY05-xDxe,27,96000,Rent,3,BGXgJ9v9-XFPh,Homeimprovement,A,10000,7.88,0,0.1,2yJrbEK7-1c2d,N,10
RbC5DLyf-5EW6,27,44000,Rent,6,fPHlhrRP-jiKD,Venture,A,4800,7.51,0,0.11,oLW6vbWF-LqIL,N,10
Z9qaIf3v-SFvz,24,57600,Mortgage,NULL,pBjp7cKY-RZgr,Homeimprovement,A,3300,5.42,0,0.06,6yYvHAZt-moNZ,N,4
OfSyjqUd-eDiy,23,37000,Mortgage,2,51hPYzH0-Lho5,Education,A,10000,7.74,0,0.27,kE0HYlpY-m6uF,N,3
kR27HPsi-rOF1,23,77000,Own,3,LaOHjHsT-y1OW,Venture,A,3500,5.99,0,0.05,cmECEFZl-pq1O,N,2
oHi3aLmt-QE1P,34,62900,Mortgage,11,qUwNHuD1-JiLE,Medical,A,18000,8.94,1,0.24,95TIe3ew-tiTO,N,5
tFQIRnJO-c11f,25,35400,Rent,2,SEY04CqK-kmio,Medical,A,2000,8.49,0,0.06,gBiXhx56-qOCl,N,2
g1MRqxkK-J9Qs,28,85000,Mortgage,2,crUrpxPP-xEKt,Education,A,15000,8.49,0,0.18,NGiyMzn9-8c15,N,7
fiHGlxc0-WqBp,25,31000,Rent,1,QXDko72w-2IZv,Homeimprovement,B,3000,NULL,1,0.1,aWwkj61l-xu0j,N,4
tBTFBNkS-d7if,23,90100,Mortgage,7,eaKgmEjT-v35O,Medical,E,21600,NULL,1,0.2,gzgMHAHu-KTn0,Y,2
PptOP3tx-8rOz,23,40000,Rent,7,90Jwp3uF-wi4R,Venture,B,10000,10.36,0,0.25,3OMDW36T-7SxS,N,3
uH5djuO4-xXxt,24,115800,Mortgage,5,8ITbbnJL-xvaM,Personal,B,12000,10.99,0,0.1,DB08ruqn-rtUT,N,3
LJk5ZYtK-KGzW,21,27600,Rent,2,hg9WuMab-id81,Education,B,3000,11.49,0,0.11,kHMD3UYm-lzde,N,4
B2r7BZjc-UMNt,22,58900,Rent,2,alkMGwgH-Gj4f,Medical,C,14900,13.57,0,0.25,KaO7e98q-Tiig,N,3
N4PRpBTI-sbi6,29,35000,Mortgage,14,gD2jbflH-d0HX,Education,C,8000,12.68,0,0.23,IfQy9bbl-A9JI,Y,9
mKoJbC6b-SZn4,24,60000,Rent,4,QS0el12k-DzFe,Personal,B,12500,11.49,0,0.21,fgA16Q17-8zeO,N,3
6chcGqLM-rFFg,21,38000,Mortgage,5,o4PNxmwt-sKMd,Education,C,7000,13.49,0,0.18,tT6MJ0pC-om8o,Y,3
hspjFhNQ-NKdS,24,32000,Rent,4,QQkMedQL-MEnl,Homeimprovement,B,12800,12.42,1,0.4,Eg6gYFw8-vKAs,N,3
gRyvBIED-jG2o,26,83000,Rent,1,8GDtLwGj-qC7g,Debtconsolidation,B,12000,9.99,0,0.14,hit6hwQf-oTxi,N,3
oMb4LHMt-tqkS,21,20000,Rent,NULL,rjyE8P5e-UlzK,Medical,B,5600,10.75,0,0.28,x5BW26UX-WK3m,N,4
yuOXfaJ9-k8ea,NULL,75000,Rent,2,NYUSx9rb-Xdkp,,A,10000,16.89,1,0.09,C9TKIQvt-qvyy,Y,8
HbrydfnA-9ICw,31,37000,Mortgage,12,FFlqdskU-IB8N,Debtconsolidation,C,22000,12.73,0,0.59,Xd1j7BSM-wXP7,Y,7
gWDorjKB-dQF4,24,50000,Rent,9,3Pi7KgKr-OkPz,Debtconsolidation,B,8000,9.99,0,0.16,yGKQJLMp-y4hb,N,2
rN4uqEAp-hQ3t,28,33000,Rent,0,v0hzEdfK-OMzy,Venture,D,3200,14.42,1,0.1,WRIZRGDT-QI76,Y,6
lYgijchD-InJH,23,65000,Mortgage,4,22lKsuG2-GsXM,Education,D,13600,15.62,0,0.21,vlnCJDPj-J0nX,Y,2
wye1UqLm-dXDY,27,105000,Rent,1,1d45s3hf-Zlpm,Homeimprovement,B,16000,NULL,0,0.15,YQ6LX3K4-a8fX,N,8
NzsjcEnb-M4Ck,24,54000,Rent,5,Yigun4n2-xXpQ,Venture,C,21600,13.49,1,0.4,oD4S5Hcb-oRMl,N,2
fnvwivqk-nzJ0,26,95400,Mortgage,8,RqGha87z-4A6u,Personal,C,5000,12.68,0,0.05,eKlLKCtf-7Hcg,N,3
njxFDuCE-v1Nb,23,75000,Mortgage,4,40qlhA7j-5biQ,Medical,C,16800,13.47,0,0.22,ZYplg4dP-O7b3,N,4
3WJPPaUe-uaML,23,98000,Rent,0,lk33Hcjz-gLo8,Education,E,10000,16.4,1,0.1,OdvqMRpk-Dx70,N,2
xbiymZaK-LlCl,22,70000,Rent,3,BqWaLRJM-fpv4,Education,B,22000,11.36,1,0.31,0y7L61U3-1inS,N,4
4J1YUI1F-Um5W,25,44000,Rent,9,s3XAXqXb-I20x,Medical,C,8500,14.27,1,0.19,Nn2nytEl-4riU,N,4
d10HdjX9-xlsy,24,41000,Rent,4,Y35IUP7q-3ApP,Medical,C,15600,12.87,1,0.38,6E2FlXRc-5h6X,Y,3
KXsy9ncj-3Jls,22,26000,Mortgage,4,Ieeq8pwl-8Gtl,Personal,B,4000,9.25,0,0.15,ER2IiSpo-pu8C,N,2
U03DWN4B-hm4x,44,66000,Mortgage,13,2YFYMQkw-oi4F,Personal,C,5000,13.48,0,0.08,1xE2Sq7X-6ZG9,Y,11
KESeH1bJ-99pJ,26,80000,Mortgage,0,GWCloQ1g-fFtG,Education,A,6300,5.79,0,0.08,BaaetqAB-UUFx,N,4
KvlD4h2a-b7ws,30,58000,Rent,2,5MEamCCc-7CCx,Medical,A,15000,8.49,0,0.26,a7Rg35Xm-D2Pw,N,10
UgR4tvID-FkK7,25,43200,Rent,3,Kgz96sRx-Rqtc,Venture,C,3000,13.8,0,0.07,7agW3GNv-CH5u,N,2
z9GKA6gE-UXaT,22,60000,Mortgage,5,QbHhqGdS-aJh0,Education,B,8800,10.37,0,0.15,bXppPN2K-WE0D,N,4
ulm88OXn-p0GD,26,51000,Rent,3,xKBkGmh9-nbCa,Homeimprovement,C,5500,13.49,1,0.11,jimKo9jm-fPwx,Y,2
JijTiE2E-8O9k,27,22896,Own,1,teQLoQlS-o46k,Medical,B,5000,11.48,0,0.22,OALfHQpY-Gr18,N,8
A7bSNUIY-Tsun,34,105000,Mortgage,14,9fS6JDBm-WHy9,Venture,A,12000,6.99,0,0.11,oOHPi9CN-6UEN,N,5
qERSQWwc-0CHs,21,35000,Mortgage,5,keQrwDp1-G039,Education,B,1500,9.63,0,0.04,rWe1vLro-Gcsd,N,2
GzcBCKdG-dlTI,33,68000,Mortgage,9,P3fhp7Sn-E847,Education,B,2100,12.53,0,0.03,XQr7d7SQ-IC2p,N,9
YdiGpOlf-LrDv,25,98400,Rent,4,tGL59Suq-PNYy,Personal,D,16525,15.28,0,0.17,P2To1Ezf-erHI,Y,3
K7zoRhxn-eb7l,28,20292,Rent,3,lRo3zwU2-PRH7,Venture,B,3900,12.53,0,0.19,0Rqls6p8-2YNy,N,9
Ci85x6r5-W7st,24,85100,Rent,3,SdiRIqwz-bl4b,Education,C,15000,NULL,0,0.18,CicwQQcF-Clrk,Y,2
8XLzWuJ9-N4MS,24,29435,Rent,8,LTWXvTbn-rncn,Venture,A,12000,7.66,1,0.41,Mye8rftc-CCmr,N,3
c5qlIXKX-KYyq,21,15600,Own,5,DjjCNcG7-2MZx,Venture,A,1000,7.29,0,0.06,OT1Ik6jU-1Ntn,N,4
5GliNI6X-APt4,23,25000,Rent,0,DSF0kyqw-ICnQ,Personal,A,2500,6.91,0,0.1,rPGe52Oi-ZaYW,N,2
HqkU07fM-KeUF,32,45000,Rent,0,a0B4ypPz-z2ih,Education,B,5600,11.36,0,0.12,2QZN9Z92-5gAF,N,10
qNQempK2-58vs,26,75000,Rent,5,WAAw0KI5-LYTa,Medical,A,20000,6.91,0,0.27,QepKUEDU-lMBt,N,4
HXmSU7Rx-abZA,23,28800,Rent,5,ghDqivHM-plPr,Personal,B,2800,10.38,0,0.1,h3trmk4v-qLOK,N,2
dz5BW3sg-gBjF,25,61000,Rent,4,XvZRxtPf-oTD9,Venture,A,9500,7.51,0,0.16,UmEwo4i1-QzFj,N,2
9phgp4wB-Y9ZA,32,40000,Rent,2,Cd90H4Ci-8n9j,Education,A,7500,8,0,0.19,ysi0Hszx-tcUd,N,6
3WsCDuY3-hbJY,28,148000,Mortgage,0,EWjrw6Be-eLcj,Homeimprovement,D,15000,15.65,1,0.1,iOwpvAuY-RdMw,Y,5
0aYA31zb-E5nw,25,61680,Rent,1,sK9Z0Su3-ByoJ,Venture,C,7600,13.23,1,0.12,Gw8X3ik5-kpvg,N,4
yOy3TO5v-8org,36,55000,Rent,8,aiRUW5dl-4ubD,Venture,A,7500,8.9,0,0.14,70ytLz2B-Snf8,N,13
oLb3wjJs-1JyG,24,141000,Mortgage,0,Diry0zQP-BZI4,Venture,A,10000,5.99,0,0.07,h0RK8hu3-CzTg,N,3
idJGorH8-pOCj,24,74000,Rent,7,Qp47PuY6-jfOM,Education,D,8000,15.62,0,0.11,fa5fEHxT-JIPg,Y,2
G4UNjSG9-MYnA,28,12000,Rent,1,5hPREiyx-KPPG,Homeimprovement,D,1000,16.32,1,0.08,9u9f4m4R-8XB9,Y,9
rPZejxLe-MwwS,37,108000,Rent,0,6O5uXYg6-wnPR,Homeimprovement,E,20000,16.32,1,0.19,ZqAwMCSM-JqZj,N,15
dQ4ZZDas-08zN,26,64000,Mortgage,9,Fg5uaXT2-QfQm,Debtconsolidation,D,8000,12.17,1,0.13,PwLwSUnc-0jii,N,4
JQ5Ak42k-FPCW,27,110000,Mortgage,3,fxslUJlm-nOgD,Medical,A,4800,7.74,0,0.04,kooL1Skg-Cgia,N,7
xXlaYT2K-JhE6,25,90000,Rent,2,EcTcPlkb-aij3,Homeimprovement,B,12000,11.48,0,0.13,hpPuC4Gk-48Q6,N,3
0pQYYw6t-ZFAY,22,32244,Rent,2,3lGp5kB3-ozKz,Venture,B,11100,12.21,1,0.34,BLikDpKm-pjjQ,N,3
IIYq8rNJ-IyXH,29,33000,Mortgage,5,JvveXTSq-pyvj,Venture,B,4200,11.36,0,0.13,tSXhifoN-8hac,N,9
oF5yFksF-XOBh,24,42000,Rent,9,bGs3va2d-J64j,Debtconsolidation,E,3000,NULL,1,0.07,0ZtJ11nO-s4RN,Y,3
lOWbZyCb-AUWU,27,75000,Rent,3,xzg2Np7U-k0an,Venture,B,12000,11.49,0,0.16,LRuACL8s-chXD,N,5
Dgc1W7Zr-FiEg,44,80160,Mortgage,13,rqjB7W2p-SR3N,Debtconsolidation,C,5500,13.92,0,0.07,sTeWZBnu-QfFZ,Y,13
dGGmbOnT-QPn9,21,37000,Rent,0,N5Wt5Wv9-B17P,Personal,B,4000,10.08,0,0.11,x0bloMky-wRcp,N,3
fNSuDNnf-70lT,33,60000,Own,NULL,TRgEgWt1-S4qu,Education,C,10000,13.98,0,0.17,uQdOlJXo-itvO,Y,6
7mjL9GMI-aP7X,41,28000,Own,9,LrzplieH-sOgw,Education,A,2000,7.74,0,0.07,oHRlJ1or-ZOwp,N,16
1PYXXwkQ-cBCH,41,50780,Mortgage,14,fNPrwmOr-4Tc7,Personal,B,6000,10.99,0,0.12,FJygP73l-4XAm,N,17
yTtvPytl-RNTu,24,43200,Mortgage,0,OMmLbmUm-bxci,Education,C,10000,14.26,0,0.23,hOHfStO4-Xf3L,N,4
UEUPY5Ek-pj9X,25,128500,Mortgage,1,j06x2SYk-I5XL,Homeimprovement,C,15000,12.53,0,0.12,LmAWWoqo-c9w7,Y,3
CCJF826F-4tjL,32,170000,Rent,9,TeiuQDRi-NtHf,Personal,B,10000,11.14,0,0.06,QyGUJQiZ-5mhL,N,5
UST3A1hd-P2eb,32,48250,Mortgage,3,KSmlLAyl-Ijar,Medical,B,8400,10.74,0,0.17,xAZypWnB-o1j5,N,6
CIgpq6zv-ivZ4,24,80400,Mortgage,5,L1PAn5bR-2DEl,Personal,A,12000,5.79,0,0.15,jbs6YNEk-hd8H,N,2
G7yx3X1J-YUYa,25,37000,Rent,1,NrTWYDrq-EHmG,Debtconsolidation,F,4200,NULL,1,0.11,Wi9mpRFK-I7HE,Y,2
mr5kzNEs-CSqa,23,45000,Rent,2,ecWSI5oO-s3lg,Venture,B,14500,10.36,1,0.32,MyjDOZgv-m2Wl,N,4
E5gI1JeC-f2Nl,30,42886,Rent,3,stEDHyZG-71WY,Personal,B,12000,10.59,0,0.28,HFnZlxs9-Npl0,N,10
EaWRHSw8-pki5,26,30000,Rent,0,oB6CnXSv-aPHz,Homeimprovement,D,1500,14.61,1,0.05,p9yWJqte-f3D3,Y,3
vdqSwJvz-2l8I,24,37000,Rent,3,bT599AIf-RXLq,Medical,E,5000,16.45,1,0.14,GXF8tn0A-9ifP,N,3
8ll815fx-1u6o,23,70000,Rent,3,ddoYoKLK-0nW8,Venture,A,12000,7.9,0,0.17,qX9O819l-EPZM,N,2
WyMywUZd-WtEU,26,28800,Rent,4,fkdREc6l-hJtO,Medical,A,7000,5.42,0,0.24,SyNpRWMf-IBFE,N,4
BCvpLAnj-gT0r,46,35004,Rent,0,DrrDeWB3-s7kA,Personal,C,4500,12.68,0,0.13,cy2fBdkc-Kmnb,N,13
FwamM7qG-pPmE,27,28800,Own,0,zP78RLso-2XrN,Homeimprovement,A,13000,6.92,0,0.45,3LOr0WLu-TtkI,N,10
q3qfKy2d-A66S,24,90000,Mortgage,8,IcyUGuqJ-XWMS,Homeimprovement,E,24000,17.56,0,0.27,z3xh4qSY-RKSF,N,3
Z7DUDYuv-iIwW,26,154000,Mortgage,5,27WKYSfh-fhox,Medical,B,12400,11.83,0,0.08,XX9felzn-RXte,N,4
40EP3UGE-bqYD,24,36996,Mortgage,7,GGOcjIuZ-KI0D,Personal,D,7800,NULL,0,0.21,DHYoUdFm-3G1e,Y,3
8c81cG9o-aYn9,31,42000,Rent,3,9EOFIOGR-Py2O,Medical,B,5000,11.86,0,0.12,591GG2lB-WHvZ,N,9
s7hSvu2M-fZfX,26,116000,Rent,10,8ImsZY00-lKwZ,Medical,B,19800,11.48,0,0.17,Jh1EzZe0-Rlvv,N,4
q11Oy3be-Jrwn,27,30000,Rent,3,emUEjqn5-KW4F,Personal,A,13000,7.88,1,0.43,XM4dIM6r-jmZN,N,10
TpxbgZSH-HxYX,23,30000,Rent,3,7AO2XFFP-2WFZ,Venture,C,6400,NULL,0,0.21,E13FBJnt-2lop,Y,3
8kgjHkAr-jo0g,27,40752,Rent,6,wgUhRp1c-vydX,Medical,C,5000,13.49,0,0.12,1kjQjHEi-M1ff,N,8
npfofjTw-9kWl,25,75000,Own,6,vQx9JM3y-ypNc,Medical,A,11000,8.49,0,0.15,ADc3rJhY-j850,N,3
wjchhL2n-YmTL,33,70000,Rent,0,wtpfK42R-Iu0a,Education,A,11200,8.94,0,0.16,rLO0XFfM-mqQF,N,6
nGNMhiGX-LsO4,23,44004,Rent,0,G1ewdgYc-RTC0,Venture,E,12000,16,1,0.27,QN1RhBpc-KauH,N,2
7ePM3ODr-RZJY,27,41000,Rent,11,AkA0uxlY-lv25,Debtconsolidation,D,11000,15.33,1,0.27,5WXLbzuH-rRxv,Y,7
Rr7KHzqw-21F0,26,31000,Rent,6,YLTltAyI-tM8y,Education,A,7000,NULL,0,0.23,Z6sh5j32-2FvB,N,2
uIxoAGgx-CN3g,26,35000,Rent,10,nHJWcBpw-s2um,Medical,B,12875,NULL,1,0.37,s6gR2ccl-OubW,N,2
L40d1I7p-fZk8,27,18000,Rent,3,usCGPbLJ-NnC8,Education,B,8000,10.75,1,0.44,0TCXgOoK-wdsT,N,10
UtoaC0MF-oNve,25,32000,Mortgage,4,gsQ8pmT3-NdYF,Debtconsolidation,B,8000,10.36,1,0.25,S7bTia1N-jrwa,N,2
6NvRwBbc-o52G,24,71000,Mortgage,8,nopnMJkd-Zj7c,Education,B,20000,11.36,0,0.28,ceNCy8lv-crWm,N,2
5xFFGpif-iNuX,24,55782,Rent,3,0tysTvkP-b0vw,Debtconsolidation,A,17000,7.51,0,0.3,HW40bXI9-5K4W,N,3
rlsCdGjI-vvCN,21,24996,Own,3,eTKZL8ss-jvui,Education,D,7000,15.58,0,0.28,J3KNxfKr-9zOq,N,2
ugc8OOay-LAXN,25,96000,Mortgage,6,SblKfCkn-HPux,Education,B,20000,NULL,0,0.21,fncOS8L5-tZY0,N,2
YtmkENeR-lmvb,23,25596,Rent,2,v6F8fsoo-xC17,Medical,B,4500,9.99,0,0.18,f61fAsw5-eBhF,N,4
mg7GWjru-FOi1,28,35004,Own,7,i2iIoZFf-6C3f,Education,B,4000,11.49,0,0.11,lFTQpRma-Itc3,N,10
jSrqYrdk-Ej3e,25,48226,Rent,9,HptLtbcF-kaej,Medical,A,7000,7.9,0,0.15,rUn5HvZd-OXI4,N,3
cFIgyzTQ-tNqB,22,NULL,Rent,1,78iuirmR-Me9y,,C,25000,15.27,0,0.3,FFmhefHG-Aio7,Y,3
HKshaX7U-tsye,24,48000,Mortgage,4,27rgINSd-jcL4,Education,A,5000,5.99,0,0.1,WWMa3GtJ-fyw6,N,2
MBj3Xjl6-IFcx,36,55200,Rent,3,Tt9AvUmL-0SoA,Medical,D,9900,14.84,1,0.18,C5u17fYU-Q7fi,Y,13
ObmrAcBx-0qnw,21,36500,Rent,2,uOzmdlzG-qPaG,Venture,A,5500,7.51,0,0.15,ezpEgpda-LtFI,N,2
JrbWxC0H-CFXQ,32,80000,Rent,6,GYUG4K8U-PSJ9,Homeimprovement,B,1500,10.74,0,0.02,92vLiwwP-YCjy,N,10
48M0qU8Y-QS2S,22,55555,Rent,7,mBdpBFTB-qYkc,Education,E,12000,NULL,0,0.22,QdX6QNS3-Nq68,N,4
yiTEC9YK-2eXh,26,54000,Rent,3,CStSMhui-8RX9,Homeimprovement,E,13000,17.93,0,0.24,07d7IOHY-YrZY,Y,2
lR4RN8mu-fPga,22,29004,Mortgage,6,OAWsP7aY-dwDy,Education,A,2500,6.91,0,0.09,XeKWY3Sp-zTrm,N,3
aEP1J13c-EECv,45,82800,Rent,4,rvS5A6p2-TnBo,Education,C,25000,12.87,1,0.3,FT7qPBak-r0Nc,Y,14
uJYG2cX2-SEbq,24,62900,Rent,8,QRsPavlC-EmDD,Medical,D,12000,15.62,1,0.16,94fCbboX-vUmR,Y,2
qcZqPSIb-qZOv,33,100000,Mortgage,0,IQ4wz6DE-BNds,Debtconsolidation,B,24000,10.25,0,0.24,Mf8CJDAG-mE18,N,6
fvWlCKHp-Q15t,27,41000,Rent,6,xaoWlyGp-SOhz,Education,A,15000,8.49,1,0.37,Gf5MU3vr-65Cn,N,8
gQ2ylYjM-3uq6,23,63900,Rent,7,TBnR6sfj-UzLg,Debtconsolidation,D,5000,15.99,1,0.08,i36h4uoM-5egn,N,2
2HX6Cowa-SyNz,23,54000,Rent,3,ZTT772pw-uvxo,Debtconsolidation,C,12000,12.98,1,0.22,wF1L0dnb-wafZ,Y,3
fQh5QD9B-Mayb,28,49000,Mortgage,4,zHwpOKLq-YYRq,Medical,A,7000,7.51,0,0.14,yH2gewdA-qNg1,N,8
OzIn8RWF-jZlN,29,74100,Rent,3,FjhAFEuD-jzsb,Venture,C,4500,13.61,0,0.06,fHmHj8Na-b7E3,Y,8
UrrDSeXi-WBvy,38,114000,Mortgage,22,gCcGLB1X-B1Uy,Debtconsolidation,B,19000,9.99,0,0.17,kpcbrwB2-SX9N,N,12
wKIGGIWE-wah3,27,40000,Rent,10,0XdpvsuZ-7wmn,Debtconsolidation,B,10000,11.36,0,0.25,BfikFWql-gtJL,N,5
tZc1TPhm-rO1J,29,55000,Rent,0,KTYi1pmL-9ep5,Personal,D,8500,16.29,1,0.15,w0haszGn-AYYe,Y,8
SIxCl6ke-KiXh,36,170000,Mortgage,13,znKB7aEl-fj2Q,Venture,A,25000,7.51,0,0.15,xtMvNFLs-S3XQ,N,13
xme7DLBD-jFfO,24,50000,Rent,0,kTZgeMfu-qQjH,Debtconsolidation,A,2800,5.79,0,0.06,l7QIuzlu-zjP3,N,2
OAetmPHN-FJ1g,24,29200,Mortgage,6,w1PEWh4n-imOZ,Personal,A,2500,6.76,0,0.09,yZc4buts-o2fL,N,2
Bdv64uTu-LSbM,27,47544,Rent,11,qLvfqw5d-qypq,Debtconsolidation,A,2500,7.88,0,0.05,FASgxlNz-R8PR,N,5
GTO3xGzD-4oiz,30,72000,Mortgage,3,YWO4Ma8L-qI9E,Personal,B,12000,10.95,0,0.17,sF5jokvT-eTUg,N,5
MlylouIb-oEqI,21,45000,Mortgage,5,YXdoqBY7-JCp1,Venture,A,18000,7.88,0,0.4,aYrkfyTp-0z6B,N,2
i29UycZw-bJ1i,25,34800,Mortgage,NULL,NaGBjLNM-ocSH,Debtconsolidation,A,9450,5.99,0,0.27,2kQSszA2-cks6,N,4
viQ4srke-hNLs,21,65000,Mortgage,5,6F2GWLjZ-gCOl,Debtconsolidation,B,2200,12.42,0,0.03,pG3NluL7-P3CN,N,3
kPl3SlT3-gzCN,21,75000,Rent,5,QeHNWQo2-KfPE,Medical,B,15000,10.37,0,0.2,1cbaO1OZ-rrUK,N,4
gj0EXUAb-atc9,28,126000,Mortgage,12,ftJTgukx-e77h,Venture,B,2000,9.99,0,0.02,u6erhfgu-f7pr,N,10
CuicvmGM-NmOw,25,140000,Rent,9,T9aDA0k7-kx5E,Education,A,20000,6.54,0,0.14,OMa0jtXu-PAcl,N,4
rbtfgZPW-tBIa,29,43200,Rent,4,Bjn8BXLT-4yu3,Education,C,1600,13.49,0,0.04,QlatNUuI-pj1H,N,10
26vxEAko-CouY,28,120000,Mortgage,0,dMPX36kq-8d55,Personal,B,20000,NULL,0,0.17,5crSnxbt-sk09,N,5
yCgRdmks-33iq,28,37152,Rent,12,QxNrBuJy-auwo,Education,D,2300,13.17,0,0.06,ueUNxXNT-5P5r,N,7
jbjfH7vn-ePqm,31,42000,Rent,6,iMrgpL8t-2BXy,Education,D,1200,16.29,0,0.03,DnSUL2WK-SS7s,Y,5
sivxvMRL-1mU1,31,73000,Mortgage,4,Fn8ZoQo7-uJ56,Debtconsolidation,F,16000,19.41,1,0.22,okv16GaO-5WCN,N,7
FzRhy3lS-39Bt,29,110000,Mortgage,6,jO0e9bhw-DYHz,Medical,B,5000,9.91,0,0.05,JhoNlSm4-4dF0,N,9
cR07LuR0-mwEf,23,72000,Rent,7,NfK1bRyz-vKQ8,Personal,B,10000,10.59,0,0.14,LUhAig72-ipo2,N,4
eIfmPq9U-BH5t,23,32900,Rent,1,sWEO2WMp-xkXf,Education,D,20000,16,1,0.61,3jWRLXi7-7pfB,N,2
RmFdSgbK-NrZY,24,100800,Mortgage,4,x5bXRcUy-Arjw,Education,B,21000,11.49,0,0.21,tUN48DaT-s3n5,N,4
w4crMBvt-TglI,25,52000,Rent,3,D3yARbkf-YJoW,Education,B,7200,12.69,0,0.14,ijqY6pQx-JytZ,N,3
YQSPRnMp-mlKs,23,75000,Rent,3,tWeO8aS1-phFZ,Personal,E,23575,14.5,1,0.31,H27xlEfQ-4BaU,N,4
GfMbBXlK-dfOD,22,68000,Rent,7,TATI5hmR-3qC7,Medical,B,15000,10.37,0,0.22,lnm8hY3H-zDjj,N,3
lqzkLyFm-94Be,23,68000,Mortgage,2,Id4BcxZC-jWI2,Venture,B,10000,10.37,0,0.15,MdOhIn7h-h5Lc,N,2
NCSm0quD-QMHw,28,35000,Own,2,lmhmFx2j-spGc,Personal,D,13250,16.89,0,0.38,Mcfb7qm5-HBx3,N,7
l33ij6Ra-HHsH,22,53000,Own,7,5am1jBvi-EFYL,Venture,B,2250,10.62,0,0.04,zMDeIPS9-9zye,N,3
eUiEGY4v-tSDP,21,40000,Rent,6,38Z1D9cY-jOUE,Debtconsolidation,C,15000,14.27,1,0.38,vekO8KpL-bKu3,N,3
ghKMJFdo-3UFT,28,57000,Rent,2,WfS7K8QI-CqSP,Homeimprovement,C,6000,13.49,0,0.11,pB3tSF2Q-Mv40,Y,8
ATdBbXXm-yIv6,39,35000,Rent,8,IUMPctdC-A1vM,Education,C,8000,13.22,0,0.23,GlAKdBte-kcTG,Y,14
UhoAAjoC-im4Z,35,500000,Mortgage,17,5aaDywR4-Urm8,Debtconsolidation,C,20000,13.85,0,0.04,xH77IFAA-3iDP,Y,7
ppt6Yckz-QLg5,25,48000,Mortgage,5,Fgjqaiup-iI8a,Homeimprovement,A,7800,8.94,0,0.16,uW9axBT3-Kkcb,N,2
JTNMdd73-tet1,37,85000,Rent,21,nzKjq1L1-QSL8,Venture,A,1200,8.9,0,0.01,GsI7mKHx-78be,N,13
0zaAnZPS-Ivj6,22,72500,Rent,6,zny9WKsw-Wt0D,Debtconsolidation,B,4200,11.71,0,0.06,ApXulK2k-OF1H,N,3
6yCl4Y3d-mRnr,33,100000,Rent,4,wXB4W75A-oefJ,Personal,C,20000,NULL,0,0.2,Ji0BZYlu-giWb,N,7
6vfPmChu-iHcT,24,54000,Mortgage,8,7G2nTxYI-pFRt,Venture,D,1500,14.42,1,0.03,RJZchcG0-rlhG,Y,2
mvskR38h-jEyt,31,83000,Mortgage,11,Zaid3eG7-kgEk,Medical,A,7500,NULL,0,0.09,DFMOC6Lw-mxLh,N,6
eN3QA6iM-wz0Z,23,64500,Mortgage,0,hpg14bXo-nz2a,Medical,A,10000,NULL,0,0.16,eQHJfsNl-34mE,N,4
xT2dKkG8-KvdN,23,44000,Own,7,0lKkLwzv-R6Zq,Venture,C,5000,13.23,0,0.11,c3HzsWSJ-pJj4,N,2
OF8cXob1-nj0t,29,40000,Mortgage,0,dCWWOmry-1vJJ,Education,A,10625,6.62,0,0.27,GMrcHk2j-sNE3,N,5
mZuQELPg-zziL,25,75600,Mortgage,7,wRgitYCv-sakI,Medical,C,15000,12.68,0,0.2,Wm47wFgw-AyTJ,Y,3
qzS7X8AO-iNLS,29,71000,Mortgage,4,Os5UX5cm-zveK,Homeimprovement,C,11000,13.43,0,0.15,SXx30qMB-lWOr,Y,6
p1zPO36U-0ne9,45,43000,Mortgage,6,iQs6RdfN-M54B,Venture,C,3600,13.49,0,0.08,95ojigDL-H22H,N,15
gFOTj59b-BHAi,28,29000,Rent,6,rehqqY4H-3eSR,Education,C,13000,14.26,1,0.45,dwbQa3eC-Davr,Y,8
LCnIhp8f-lCPx,30,107000,Mortgage,0,JtKax5NN-P0te,Debtconsolidation,C,2500,10.78,0,0.02,BO9poiuC-yvaf,Y,6
zOkjM3fJ-NaES,28,30000,Mortgage,5,Z9E82z3e-kmjS,Venture,A,15000,NULL,0,0.5,XFda0xRD-TQzQ,N,9
o9Yn2ZsZ-OAmM,24,40000,Rent,NULL,c3mEtu6o-H9ec,Personal,D,3000,17.27,1,0.07,IW9tvdff-aEx5,Y,2
rij7LfZ6-gKlT,21,9600,Own,0,gitwnBvm-EdRA,Venture,B,1200,10.99,0,0.13,ZMhYQu6g-ZTzt,N,4
Wsg5IBUZ-gPEg,34,18000,Rent,0,ZO4a7e04-zXG3,Debtconsolidation,B,1500,11.48,1,0.08,TgmOB74j-A1hU,N,8
q9JCcyOU-9YAh,29,48000,Mortgage,8,881Wczll-9QyE,Medical,A,4500,5.42,0,0.09,as8WAriC-nB3w,N,7
XtgbvSG2-Ob5i,42,123735,Mortgage,8,zZ4o6hA1-qYGd,Debtconsolidation,A,6400,6.99,0,0.05,09hKMIoW-4wi1,N,16
IkIAeX7f-dfGP,40,69996,Rent,6,hcxF7Xde-wpCy,Medical,B,3000,10.75,0,0.04,CYK4Qo99-q5Jn,N,15
RDHeYDmM-cKxs,29,40000,Mortgage,8,nKJCUjak-mYFC,Debtconsolidation,A,8000,8.59,0,0.2,UHotfKRa-y9ZL,N,9
39JQ3Dk5-BwS9,47,64200,Rent,1,HLMuOksX-zZTv,Education,B,10000,NULL,0,0.16,DdoEzuBm-eZCn,N,14
JbeZvHTA-FaNy,42,101000,Mortgage,6,Ol2r93Od-REpt,Debtconsolidation,F,25000,16.15,1,0.25,4HoQ7ivd-lu28,Y,14
eB24owMN-bs00,22,45000,Mortgage,1,6p3Hft38-mHX8,Education,B,8000,12.53,0,0.18,eGyztFD2-E891,N,3
LwPGrBkH-eNv8,24,50000,Rent,8,PDSaSDpy-mmpm,Medical,B,5000,9.25,0,0.1,GvvBCCIl-qjGP,N,3
h9EtMYaI-GQLj,23,36000,Rent,5,QApsuGti-7BBG,Venture,B,8000,NULL,0,0.22,5teMYzDz-GI0k,N,2
G2KQmH5s-9Xwc,22,130000,Mortgage,3,j1yIbTSY-csm7,Venture,B,24250,12.18,0,0.19,jJcYMoQg-o6xZ,N,4
YyI8ZgqE-n60B,22,60000,Mortgage,1,xLiTKtbf-Rnyr,Education,B,17000,9.45,0,0.28,bvNM69uA-Bjrk,N,4
K0yyoBoU-57jo,25,33280,Rent,1,f2Q8AnbR-JY61,Medical,B,5500,NULL,0,0.17,OdkuY78i-N7hw,N,4
CYQnRUIB-tw5Z,28,44500,Mortgage,5,G8iC0gnq-hC7g,Venture,B,20000,9.45,0,0.45,F7aMg2Eb-3u8G,N,10
nZH23yxA-D49w,25,60000,Rent,1,QU5n4N3A-mdGf,Venture,A,8400,7.29,0,0.14,aZ993ae3-GoZZ,N,2
W294D5cf-FD2J,28,65000,Rent,13,J2Qd935S-sNf4,Homeimprovement,A,15000,7.51,0,0.23,rbhFiEiq-8JnO,N,6
EekJzLl3-NHqI,24,22000,Rent,0,qtqdmrWR-cR0X,Personal,C,5550,12.41,1,0.25,qr65qYJw-5wk4,N,3
8NTBNsRH-j0KT,24,78000,Mortgage,0,GANu1MTD-Em1o,Debtconsolidation,D,19500,15.31,1,0.25,0aJv3BGg-Gsgh,N,4
ulxnvgRe-DjXy,33,18996,Rent,5,KhzUt8Y1-3tZk,Debtconsolidation,D,3250,16.32,1,0.17,pZy1r0y2-0n1a,N,7
XUPbgPA9-qSZ6,26,38000,Rent,10,1exFuZSA-fy5Q,Venture,B,10000,NULL,0,0.26,Xhf8zbbc-mTQI,N,3
uRJc6oma-MdXx,36,65458,Mortgage,4,sEsqSKmC-HGb9,Medical,A,8000,7.29,0,0.12,0UlSUgIi-KfFt,N,13
xMMdFxG0-otkm,22,50004,Mortgage,5,Ekc61OLR-yH6x,Education,D,14000,15.58,0,0.28,AhvDl6qE-fFuN,N,4
XxHL7WSi-13AF,24,120000,Mortgage,8,daZMnkHY-wgvP,Homeimprovement,B,14000,10.74,0,0.12,bpN0slaL-0ju1,N,3
0g7M0qhC-I6EQ,26,75000,Rent,2,QObwPbTq-0c5q,Personal,C,16000,13.35,0,0.21,btKWsiaB-UD8w,Y,2
kHwT2UD8-XBR0,38,112224,Mortgage,5,GaUWEXLE-YBkf,Education,A,25000,6.99,0,0.22,ygSIhcO5-aSnv,N,13
KX9nurGm-G1C5,25,59600,Mortgage,5,9cpMlCU6-H6ie,Education,E,6000,16.45,1,0.1,nqJjNbwI-Oarb,N,4
bQ8cLD9d-aoNR,27,24000,Rent,NULL,yNYhsUXK-54ue,Education,C,8000,12.99,1,0.33,uXR8a3YL-JuFT,Y,6
D8Sz0I2f-bESY,26,24000,Rent,0,Yw2xKz9c-3ose,Medical,D,3600,14.96,1,0.15,XM9h6Lvw-JxHY,N,4
0DvtZQKm-vOFx,23,59000,Rent,5,jMYTWBjt-OfQQ,Debtconsolidation,A,3000,7.14,0,0.05,i3Amdl0d-rO6w,N,2
Hqd9HHgA-cYYs,22,18000,Rent,6,U1kZJj0F-cd8v,Medical,B,4000,11.49,1,0.22,kmQtKIgg-NxNX,N,4
LR6Qr3uu-l1tm,26,62004,Rent,5,tdTY2bnf-UNm8,Medical,A,19000,7.49,1,0.31,8NbkjdnU-xwUk,N,2
qbwxrH9W-N4Qb,34,28704,Rent,0,zJRCvoAB-da5l,Medical,A,7000,9.32,0,0.24,lDhm8dsa-Mgx1,N,10
7CBgsDL3-eRM3,25,42910,Rent,3,YNPU3OvJ-bpjy,Education,D,10000,18.25,0,0.23,cSpZn3uz-4L9F,Y,3
60Pb2B0X-FCkA,25,128000,Mortgage,4,FnFP9Odm-x9K0,Homeimprovement,B,10000,11.58,1,0.08,k8oPyngs-TP3w,N,2
dFJejtSS-U54Y,21,60000,Mortgage,5,yZu1Tozg-gXP5,Debtconsolidation,A,10000,5.99,0,0.17,cDvTuQ2z-XDvJ,N,2
Lp7CwSTW-HpJP,24,32640,Rent,5,4w1skO9l-p8Qz,Education,B,2000,10,1,0.06,we19Hrp2-ZLWI,N,2
qds8tWhO-LZpG,30,20000,Rent,1,Piorghiq-AFfv,Personal,B,3000,11.49,1,0.15,McQiI7Ui-JIh6,N,8
DdS0CNWk-I060,27,72000,Rent,4,sG8pHbbH-W6zu,Homeimprovement,B,20000,9.25,0,0.28,GFC73S4A-pb3x,N,10
NylGoyhw-6rjh,29,100000,Mortgage,1,yIF0D6lm-OJ4m,Debtconsolidation,A,12000,6.91,0,0.12,rYG1KbqD-IfLE,N,10
8Tsr0i5k-7xf1,34,91000,Mortgage,19,p57B4ScE-RWt5,Venture,B,15000,NULL,0,0.16,m9zS7hED-OogB,N,10
UglL9j3D-X0Lc,45,54000,Mortgage,1,n1A5FNwJ-DP2T,Education,D,7750,16.07,1,0.14,F2B9UEaL-Ayij,N,13
ASFqZJGZ-UHQP,25,62604,Rent,2,EmZwDSy7-YsOT,Personal,A,9000,NULL,0,0.14,3IBSpP8g-XfhA,N,3
od6xsDck-EOm8,28,65984,Rent,12,z0W1cKBJ-qbop,Medical,D,10000,15.33,1,0.13,ePseawBy-AARy,N,5
dNEt4A7C-WPOl,30,90000,Mortgage,7,bCKB6Y35-awqY,Debtconsolidation,A,4800,8.9,1,0.05,T8FwGgE2-7X98,N,5
mGWJcbzy-GUqp,24,40000,Rent,1,dWMY6cOn-b5Kx,Medical,B,1000,10.99,0,0.03,QaZYRPzd-LEbN,N,3
Ni5D522h-hf8J,28,65000,Mortgage,6,INY9LF2P-UAEp,Personal,D,22000,15.65,0,0.34,NEM2GyJH-iA8y,N,5
4zi6uBFe-SiCf,30,47600,Mortgage,6,rJ3bPcrB-DPx5,Education,B,23800,12.42,0,0.5,HqRI79sO-m40E,N,9
P5O9YZfF-cRYw,23,57000,Rent,7,vhtMis5w-6XzU,Debtconsolidation,B,10000,11.48,0,0.18,JDHe1NjJ-meTn,N,4
r8Cc7JUW-1D5v,25,130000,Mortgage,9,TXGSbrx6-vZk0,Education,B,15000,11.14,0,0.12,Lwd2NSDP-UT9j,N,3
Nyd1JHXd-NAap,46,80000,Mortgage,3,7so95Pi9-75qW,Homeimprovement,A,10000,6.17,0,0.13,l91n6nNd-fhoL,N,13
kkSdtmkC-knpX,37,20004,Rent,0,mfF0BZdf-IwRJ,Venture,B,5000,NULL,0,0.25,1onQknX2-2iAJ,N,14
oeEIc56Y-2oIU,34,63000,Mortgage,9,7A7xgLul-RaHN,Debtconsolidation,B,18000,11.49,0,0.29,XpjeXFgR-S3L4,N,9
swD1qZgq-m9U7,35,45000,Rent,3,7cRrd7d0-fD40,Medical,B,12000,11.26,0,0.27,GUSpAcv9-7ieh,N,5
XOIz8KKM-m8ws,23,200000,Mortgage,0,96o5JezW-c8w0,Personal,A,5000,7.43,0,0.03,kCTcL9Fh-rQmj,N,4
0POZyPIf-rqOB,25,80000,Mortgage,7,pS4JEQBE-nh3z,Homeimprovement,A,6000,7.9,0,0.07,44fIw9Cy-qH5C,N,3
AjFaHTKE-11yt,32,202300,Mortgage,9,il5dHBhd-obz2,Medical,D,25000,14.59,1,0.11,TKxelkCO-kxAl,N,7
uMI5lnzZ-YqUr,30,98000,Rent,14,bzfrW7od-6cXU,Personal,C,8525,10.78,1,0.09,5yCsTgGs-EkEf,N,9
e37KpJ17-qWgR,28,90000,Mortgage,5,3RddnSZQ-9Hbh,Venture,B,25000,11.86,0,0.28,Bojocr4E-97SP,N,6
IE7xRxnw-2FhC,25,23000,Rent,NULL,gIRr6PwL-28Sy,Homeimprovement,D,8000,14.46,1,0.35,3LZ2uRzY-Ufu7,Y,2
KIvdCByJ-p5at,29,93000,Rent,1,zwKsstc9-CFIt,Homeimprovement,B,10000,11.14,0,0.11,ADynUtSq-dkbP,N,8
QYQiurrp-g2HR,23,27252,Rent,3,dxmuTr30-Iif2,Personal,C,5800,13.06,0,0.21,z0bdJXqe-PhD9,N,3
4PRwRYGo-prv6,31,24000,Rent,2,8Bx7e7G3-pnc0,Medical,A,1800,8.59,0,0.07,yUbJ1Mpi-NPjC,N,6
ljGF5rN4-cpPJ,33,44000,Rent,3,FE7OzTmy-4iz1,Medical,B,2725,12.18,1,0.06,EsAT1kgP-2hzc,N,6
FBLvtXHn-5zFI,26,145992,Mortgage,0,5Yb77yvT-lgy0,Personal,D,20000,NULL,0,0.14,2ZBjZwiA-hk1Y,Y,2
DuxvQEC5-8Tut,24,50000,Rent,1,7kZglB5y-tzLW,Homeimprovement,A,12000,7.51,0,0.24,3oD8BvBi-ORh9,N,4
OFbXcIvr-zf2k,28,70000,Mortgage,4,1YsJ8Dwm-ug50,Homeimprovement,B,20000,12.18,0,0.29,WMbK5xd8-ahqv,N,6
GvUuUNl7-nlEx,27,51000,Rent,9,7POlA6NI-9WH4,Venture,B,1600,10.59,0,0.03,XYDlyu0K-wGbn,N,6
ZRq49ff3-yH1S,22,60000,Mortgage,NULL,DrzLuz0S-ULzW,Education,A,14000,7.49,1,0.23,1wXZZDEN-786p,N,2
aynsMlti-y3Mm,42,600000,Other,2,WhpYr3Sx-OYWY,Homeimprovement,D,25000,14.74,0,0.04,JycXaZLe-3qbK,Y,16
RfP6X6pT-nBQw,23,29000,Rent,4,1zTS7CTR-Ewbg,Medical,D,13450,12.61,1,0.46,nOHeKTHz-R3m9,N,3
Tahda0of-tGdx,34,54000,Rent,5,rlynsbSt-qkeE,Medical,D,3000,15.37,1,0.06,tQU1oEcw-1Ho1,Y,6
aAaaQZq3-QDpF,29,108000,Mortgage,13,BmIbjZ6N-OtmD,Debtconsolidation,A,3500,6.76,0,0.03,ZbH7Qvtt-nGYa,N,5
0xrcnaKQ-lt46,21,125000,Mortgage,0,l2EU9Cit-mqhb,Personal,A,10000,7.51,0,0.08,TGXoNdRX-DkAf,N,2
PEKj0yUy-XwDI,22,60000,Rent,6,hKU6RkGg-EX96,Personal,B,4000,12.21,0,0.07,4Ziwrm90-pjJ5,N,3
uKoT4Irh-Ywcm,22,34800,Rent,7,eNAynnij-JUkt,Venture,G,9600,19.16,1,0.28,Hop4v5bc-0yic,Y,4
3fp0y0wm-dsd7,22,10000,Rent,0,oNZPEl7K-A3H1,Homeimprovement,D,1000,14.74,1,0.1,clqzFZaR-h2RC,N,4
tO0TbK4T-fdHB,23,115000,Rent,0,Ugxjlsr3-3pcx,Personal,C,10800,14.65,0,0.09,j8eqok1R-Wli3,N,4
NWj336IU-fFa8,24,39996,Mortgage,1,k6mTtHvG-RCSa,Personal,B,3000,9.91,0,0.08,gE0us0rD-Xjv3,N,4
J73z7TAS-TDxS,26,168000,Rent,1,vaGBgipu-AESA,Venture,B,20000,11.36,0,0.12,xeC06g36-INHW,N,4
1SwcyINn-AF8m,24,25000,Rent,3,2DUXUu9Y-ffaE,Medical,B,3000,10.95,0,0.12,ulOPtGCc-f9hT,N,2
qit5xohQ-TqnJ,22,21600,Own,5,QnbGAgz0-bPvz,Personal,A,5000,7.9,0,0.23,DLpc52HC-1NYz,N,3
P5ESJQCv-1Rjl,24,46800,Mortgage,6,ZxBU3779-H8Xq,Debtconsolidation,A,12000,6.99,0,0.26,FF5UyoMr-7JbS,N,3
szBdiNPd-vIat,23,75000,Own,7,iedonniw-Qeoe,Education,D,12000,12.49,0,0.16,udb7sqWc-T5qs,N,4
jZLYpN5X-IMnn,25,84000,Rent,2,jUJK4KkH-Dmse,Venture,A,6000,8.94,0,0.07,T7WB8IE1-E8R7,N,2
e0dl099k-HbT9,24,114800,Rent,6,ZpjRfZbQ-Qdha,Personal,A,10000,8.94,0,0.09,M1UERnLT-QoOt,N,4
Amx19jkF-tCKE,48,110000,Mortgage,6,Ix4WNEA0-2uj2,Education,A,6000,8.94,0,0.05,chuEnhk4-tZ9R,N,14
2rjOROlp-6aqe,23,37000,Rent,7,2Y2TGrwj-Je3s,Education,B,3000,10.75,1,0.08,wLvaCyJv-G07a,N,4
DFXRp4bw-xbE2,40,130000,Mortgage,0,sZoE6XL5-Uaqz,Debtconsolidation,A,24250,6.17,0,0.19,rvdS8Rin-8XcH,N,16
miL38cT5-PtFt,32,116000,Mortgage,15,ieKqnS2f-zrX6,Education,B,21600,10.62,0,0.19,DrxMdN2U-PTcM,N,9
tg7mNqTt-2uYe,NULL,170000,Rent,5,r2jJ3tLq-KhOx,Homeimprovement,,7500,11.36,0,0.19,AulxqTwX-iB57,N,4
01aOoe5m-MKqu,27,24000,Rent,0,3fRKSr5F-GqEH,Debtconsolidation,C,4000,12.87,0,0.17,yBuO0TTi-ZPoP,N,10
hCoC664G-Udch,26,30000,Rent,1,eCXeFy3X-RhhA,Personal,E,7500,14.75,1,0.25,qDMuIRqd-oipF,N,3
Uyek1Sgl-aN2W,29,33600,Rent,7,Fk2kw25a-MPq2,Venture,B,2000,11.71,0,0.06,buLDd6t6-8IaP,N,9
fPz4SXtF-i7Gm,47,75000,Other,1,9XvnxZ34-2KSn,Debtconsolidation,C,12000,12.84,0,0.16,9z1Dv6GN-Jqwg,N,11
WsbxYA2a-1ugB,22,40542,Mortgage,6,IQp9ad7w-e8U7,Venture,A,6250,NULL,0,0.15,iF2ZuvGH-EwgA,N,2
198pUqvG-dmd3,NULL,60000,Rent,NULL,Ox9wPp5g-eKMS,Medical,B,8000,5.42,0,0.23,cYFTk3J3-dW6M,N,9
Mn6kINdb-Utjb,30,69000,Rent,2,t0fj2yTl-P7ET,Venture,E,20000,17.14,1,0.29,c8KwPDtU-WcJt,Y,7
ZacfcrlD-lZ4R,38,100280,Mortgage,1,3bWkwtgT-qNhb,Venture,B,17850,11.99,0,0.18,9QHSfyy5-S8CI,N,17
LJB323tn-kCdL,37,46680,Mortgage,6,bwPpBRmT-1JUo,Venture,D,8000,15.21,0,0.17,Qi2LL2SS-zWcH,N,15
CesqwZwE-aJyI,26,147996,Mortgage,10,FRHAQY4n-9pOU,Debtconsolidation,A,7500,8,0,0.05,tGIzu0TS-78iE,N,3
dwROYi6i-SmMO,42,60000,Rent,3,9zl5tAXr-dhxA,Homeimprovement,A,7200,5.79,0,0.12,LRmlhXBA-3eH7,N,11
Kb8REe1g-C5sI,23,32000,Rent,5,lD40Ipnk-0HI0,Venture,D,2000,16.49,0,0.06,pIjkiiBx-sptb,N,3
XO5U4W0e-OqRW,37,21600,Rent,4,rAtk3R9Y-TBlq,Debtconsolidation,D,3800,NULL,1,0.18,alFkQLUi-LiDY,Y,13
ujsO1H6w-LIYl,23,47000,Mortgage,7,2dKXuf8Z-OpfX,Education,C,13850,12.68,0,0.29,1dOlFHy4-Pw07,Y,2
iTN91YMU-W2MJ,29,90000,Mortgage,8,RUHvOzFI-dWcL,Debtconsolidation,A,14000,7.9,0,0.16,WNCyUnff-QiP6,N,9
2DYBhjLz-rzYp,27,26400,Rent,2,Nd1041IF-hIoH,Medical,A,2000,6.54,0,0.08,FCm54ZbT-XIfG,N,10
A4AZEpg9-OH9X,26,77100,Rent,6,ccaXqoXU-d7PQ,Debtconsolidation,A,8350,6.99,0,0.11,tcgo5HpI-nm0t,N,3
RzaXqEZh-9mBG,26,38004,Mortgage,3,JiTqJTYt-o0n4,Venture,C,10000,13.35,0,0.26,tNrRARx7-dxGS,N,2
0tIGLjCt-hW4d,22,50000,Own,6,ysAlb77y-F3Sq,Medical,A,15000,8.63,0,0.3,X9xyqQ1j-SArA,N,2
WM5TJmyd-E0Fz,NULL,110000,Rent,9,8mkn4CwP-XElB,Debtconsolidation,B,12000,11.11,0,NULL,7OT47eoD-XuLw,N,5
Ptphxb4L-j9ZC,28,100000,Mortgage,3,6daMW8QB-OmdG,Medical,C,8000,13.98,0,0.08,2FZFuBgo-4gUZ,Y,6
nB3vn2KF-FicO,25,57300,Rent,2,vWO80r1p-Aglp,Personal,C,10400,11.66,0,0.18,Wj5LD4Xo-lOTG,N,4
fIhbC2ZO-GRDJ,22,75000,Mortgage,6,NlQgQ98a-4saj,Venture,D,25000,15.57,1,0.33,t7NbG4bJ-SWC7,Y,4
jTlZsQSW-ojru,26,65004,Rent,3,EMzUeDIx-RgH0,Venture,A,8400,7.51,0,0.13,5Cuh2gIy-dTvW,N,3
dvWoelWQ-cc6r,23,48645,Rent,1,JLKLCis8-MqSH,Venture,B,12000,10.25,0,0.25,KLC8Aayg-8ftZ,N,4
YxUU8YWe-vKbX,46,65000,Rent,1,msLZyGsW-KgAY,Education,B,6000,12.69,0,0.09,al8AGrd3-j25z,N,13
4tD36gcw-IrsA,31,35000,Mortgage,2,HOMkG0Xw-wmAU,Debtconsolidation,B,10225,9.99,0,0.29,0AqDleka-pynW,N,6
3G5vmhs3-7J8O,21,21000,Rent,2,2CbIcMuu-awfc,Education,B,10000,11.71,1,0.48,NDXjd9CQ-eyqe,N,2
GLmLcJ5z-K4n7,23,54804,Rent,4,F4GrC60M-FeoQ,Education,D,3600,16.77,0,0.07,ewmubkSG-CbNk,Y,4
4aSKEPfa-vK8L,22,116000,Mortgage,3,9O0taQGL-tpaR,Debtconsolidation,B,12000,10.25,0,0.1,nRliETn1-7xcP,N,4
w923BoSq-hJkJ,29,100000,Rent,4,rLEjsocI-STpa,Venture,A,10000,9.63,0,0.1,frLf8iY7-tSig,N,9
uatAYfDa-vD2O,25,72700,Rent,4,OyXZ6yrj-bahx,Homeimprovement,D,7000,14.84,0,0.1,6esI22DW-5FOy,Y,2
ZnoNEu0o-0rLo,26,90000,Own,2,pIWSsW7x-oedh,Venture,A,9500,8.07,0,0.11,Z4vv5Yzn-CpZ0,N,2
yg6cb9T3-0WmM,24,110000,Mortgage,8,p5GPqHxG-ZEJA,Education,A,8000,6.76,0,0.07,wuFJEKHe-QgMy,N,4
S7mfWJkn-Mq2r,32,89000,Rent,0,8Y0fIQLb-WrPK,Medical,A,12000,8.94,0,0.13,BiChTKjX-pnaR,N,6
sIhBUyUD-OZ8R,35,39000,Rent,5,FxwcjBAa-qFAG,Personal,B,10625,NULL,0,0.27,WDA4yhZ4-giZM,N,9
SITYwuum-4zTy,37,117300,Mortgage,12,q9lNg24r-yaYf,Medical,A,10000,NULL,1,0.07,Rr2YFTK4-W7Ma,N,11
9gveRoF5-CM6H,23,56000,Mortgage,1,GuDAoiwR-OSvr,Medical,A,10000,8.59,0,0.18,PlBBxWSp-kQL2,N,3
r8gtn9t9-mHAm,22,21600,Mortgage,NULL,ZrsL8w9Z-HKC6,Education,A,4025,5.42,0,0.19,rX55yjAi-OqYb,N,4
4DGaHYeZ-0nEI,23,99200,Mortgage,7,CF6JEia3-JgDG,Debtconsolidation,A,23000,6.91,0,0.23,m0irAyyX-XUuZ,N,4
rNayD1WP-AOas,22,71500,Rent,2,jgMChu6B-hhQX,Education,C,6400,13.11,0,0.09,o0dJTk3w-6WzR,Y,2
DPxYM55y-FcCU,53,85000,Rent,2,mo0Oz4l8-phqw,Personal,A,8000,7.74,0,0.09,2u346UE7-6ryr,N,26
MZSefq9m-loYS,22,29000,Mortgage,5,Mfn0Csx4-LGM3,Debtconsolidation,B,9000,NULL,1,0.31,QPDJUQfQ-DJqK,N,4
mPtHR445-5Kri,24,41000,Rent,1,hWgMlq74-OoUh,Debtconsolidation,C,7000,12.53,0,0.17,gtummqgE-I6Ru,N,2
tTrG996g-yIA9,23,22000,Rent,3,RoqLKyQX-hqjH,Education,C,9600,13.16,1,0.44,MyJcdiUu-QkH4,N,2
Y6ZgfNAh-gEpm,23,90000,Mortgage,6,4oTN838P-ZRT7,Debtconsolidation,A,12000,NULL,0,0.13,i1uh8KzM-fymW,N,3
e9ME0tJY-69Jt,23,32000,Mortgage,NULL,9fTIWFIB-K0eM,Education,B,1000,10.59,1,0.03,MpZlbtnj-v5ZG,N,2
pQDRJKZF-vEMp,25,72500,Rent,2,2JRZgX95-SIlI,Homeimprovement,B,9000,10.59,0,0.12,SpoJwd9J-5N7u,N,2
hoxwmYCK-CWcb,28,73073,Mortgage,8,KEIbtO8I-2gfz,Venture,A,4200,5.79,0,0.06,XHX0vR63-HBeM,N,7
p0T7WS0M-3EHI,23,287000,Rent,3,foFNGy6r-cIl9,Education,B,24250,12.53,0,0.08,pjYrBpwq-xHn4,N,3
Lo9hbmzq-QiTt,28,108000,Rent,2,ECHWWJy5-HbrP,Personal,D,20000,15.31,1,0.19,TJEDr2EU-FR1b,N,7
aTMCoq55-BiCy,40,37440,Mortgage,3,avnuyFOZ-LwUX,Personal,B,10000,11.14,0,0.27,gJCcYUs7-vHms,N,11
fMs6fjR8-ylAs,26,22584,Rent,NULL,ru3oxsDC-jRa2,Personal,A,1800,8.49,0,0.08,L0ftEy0i-Raoa,N,2
sCdh4973-ejmQ,28,45000,Rent,1,CxYpgGh6-KKrF,Medical,B,10000,9.91,0,0.22,Ti4xNUYu-pYve,N,5
peAIbilZ-NgAD,24,41000,Rent,1,vdEH6dQK-svzs,Medical,C,7000,12.53,0,0.17,5r4AZEdq-sS6c,N,2
us8hsCPo-iBu2,22,NULL,Mortgage,0,sxWw2ft1-hxIU,Debtconsolidation,A,NULL,7.66,0,0.21,p1y8WRQd-aTwM,N,6
IB04dtCi-l2lb,25,36480,Rent,4,1aj2HoLq-1ZAr,Debtconsolidation,A,5000,6.54,0,0.14,h3hHnGRf-vfmq,N,2
jlTq7OEa-R9zJ,23,30500,Mortgage,6,gGAk7HFn-tP7B,Medical,D,3000,14.96,1,0.1,Obr6nEoQ-CFGW,Y,2
XyRU2S7c-LRbC,29,123000,Rent,0,frPE4Aiu-cBe7,Education,A,6500,NULL,0,0.05,pugNE4MZ-6AD3,N,10
L2ED40Pu-tqWn,24,80000,Mortgage,6,G070Tsjs-kTrB,Homeimprovement,C,7000,14.65,0,0.09,xvaoWhPg-NobU,N,4
PRqjdn84-NNDk,26,72645,Own,5,TORe9G0D-DTla,Venture,A,12000,NULL,0,0.17,JlOD8myO-Bdhz,N,2
nf2cYR8g-MgSp,24,49232,Rent,8,gp7W8s0h-4AkX,Education,A,8500,6.54,0,0.17,9MX3jpeX-FNdL,N,4
0gXaKyOO-ckdF,24,95000,Rent,8,pGs5ySOL-WFIp,Personal,D,17200,17.58,0,0.18,v0BaIqrq-yjOK,N,3
3Zk1IoFs-MDF6,25,88000,Rent,9,kQHkjnBq-76YU,Education,E,10000,17.88,1,0.11,Onc3bs47-EDgl,Y,4
mt9FbU9Y-vdfk,31,45000,Mortgage,12,a78If8dc-JsxC,Personal,A,6000,9.32,0,0.13,8J9IGXTn-EguF,N,9
gBGhZQCP-fvPe,27,64000,Rent,3,yskrCuGZ-eQ27,Personal,A,3600,7.49,1,0.06,ucQH7loD-C8C0,N,5
UZtAYHzP-HWIn,22,25000,Mortgage,4,ewWSJswY-YsGR,Venture,A,1800,8.49,0,0.07,zABKPmkO-ls2k,N,2
2YlOM1b3-YIkJ,22,96000,Rent,4,FD8tLF5K-PBsh,Education,B,3150,6,0,0.03,JhJKpSZm-vE2v,N,2
2PGiqapk-bHPK,48,140000,Mortgage,4,KiiaPXGK-I2bJ,Education,B,18000,9.99,0,0.13,mctWCdi7-h0Ie,N,11
0spEgKqm-l3s4,35,72500,Mortgage,0,QhJfSynu-dQTo,Debtconsolidation,B,4000,10.25,0,0.06,EcSuirUA-q8cO,N,6
cSmQCCOK-ioOR,25,98000,Mortgage,9,QTLF74Ht-j9Ju,Education,A,2000,5.42,0,0.02,48lt539T-2a8C,N,4
YRfufEF3-juBQ,38,55000,Mortgage,3,d0kI1feq-y5W5,Medical,C,14000,13.22,0,0.25,iIFWCoAo-eIJZ,N,13
M4xkGyzH-J7yl,35,66000,Mortgage,4,WvuBBa0n-6Iyy,Venture,A,3000,6.03,0,0.05,BL6qtvnJ-TIxu,N,7
eabaLE96-I8fI,25,45000,Rent,5,zXOX2OGk-8HgP,Medical,B,2500,12.69,0,0.06,aAojKeYO-GLe9,N,4
jncaQ4xA-2BUT,29,46500,Rent,5,JPvb5BXL-q5Qm,Venture,C,2500,13.92,0,0.05,jQgECUNL-2K5e,Y,9
KalCkOAM-IoAf,30,56000,Rent,7,JR6XXxaL-ZDuD,Homeimprovement,C,4800,13.92,0,0.09,PpX7A7QD-WF3t,Y,9
A8u528IB-qTxu,30,46500,Mortgage,8,oX7467ri-zKFt,Venture,A,6000,7.88,0,0.13,IZPykaHc-x8GL,N,8
GnE4wQaQ-DGbc,31,60000,Mortgage,7,cx8ckgpR-mFWf,Venture,B,7000,NULL,0,0.12,NuBmz296-P3yf,N,7
Mi8JrYh4-8IgI,23,70000,Rent,4,3ZJhCInZ-msQq,Education,A,6000,7.49,0,0.09,E7mIFekX-49Ns,N,3
SIbqmdlL-t6IF,37,59000,Rent,2,FkyQ2p0o-dFB3,Education,D,4800,14.54,1,0.08,WreUXwJ2-iLqT,Y,14
zivttnOy-kv9A,38,89000,Mortgage,2,boG9fi69-Uqoy,Personal,A,6000,5.42,0,0.07,7hgHU3an-zPZd,N,13
G1pWB5Bq-mkFg,25,31200,Own,9,Y5rt4Pf1-RptN,Personal,A,15000,6.03,0,0.48,H5uMTSKK-ChzA,N,4
Mt6Dzjvq-cJWa,25,120000,Mortgage,9,NOmJYIHF-WdJP,Personal,A,10000,5.42,0,0.08,5ZeEMsKC-YoK4,N,4
xcnIw91L-yPtC,27,60000,Rent,0,s1OC4rGZ-FNb6,Venture,B,20000,12.21,1,0.33,syma6Oqp-dCya,N,5
s7pyJBwl-5piE,22,60000,Mortgage,5,Widj4IOW-PoY5,Venture,A,5600,7.49,0,0.09,YrpSRAWW-wKy9,N,3
Zn1CseMn-zjW1,34,NULL,Mortgage,NULL,EHZvCUpm-x9Um,Personal,A,4800,NULL,0,0.11,EOqBAdzj-ejfJ,N,4
rS1qrakl-nHQ7,21,72252,Mortgage,0,koFmCAfD-34gy,Venture,A,8000,6.99,0,0.11,EtnCMmKp-I0ou,N,2
HWccdzPG-RhFz,65,57996,Rent,4,Whs0h9KE-0t3r,Education,D,3000,NULL,0,0.05,QU18nYMs-hd6I,N,27
FmwjqMWP-zmuy,24,130000,Rent,7,jxS64doh-Hetf,Debtconsolidation,B,24000,11.49,0,0.18,fqYQuO2p-FB60,N,3
IlfJHwkj-dlfN,23,15000,Mortgage,0,34ivH6NF-gT6x,Personal,C,3600,13.47,1,0.24,HTfEMoRq-e0di,N,4
ix3HLZKM-qfkP,27,62000,Rent,7,0yCM4S5u-bGpp,Homeimprovement,A,5000,NULL,0,0.08,WJmfKnih-JFnD,N,5
DpZ5MDlj-0PP0,24,155000,Rent,8,15U8l73b-iEdO,Education,B,18000,10.62,0,0.12,gAIRBila-PM3l,N,4
1HTFGRZY-4mTp,22,14400,Rent,0,JxrzT2BW-OAqw,Homeimprovement,E,4400,19.91,1,0.31,uBTFHi7c-ZWes,N,4
UM9lfwkk-L1sg,22,27996,Rent,0,6WwyPGGI-iZeH,Education,D,2200,15.95,1,0.08,hOzqoCJ9-Xkxx,N,3
1ALpTMUB-1PDz,35,40000,Rent,2,mAoKnRaG-ou0g,Medical,C,7550,13.92,0,0.19,e5o1LuFT-WDPO,N,9
fsXiXw35-cX5E,22,36850,Rent,3,ZUbyf9Qs-M18z,Education,B,5200,12.42,0,0.14,DQIZhwNk-unoa,N,4
JLAq8dlx-tu7t,27,90000,Mortgage,8,AvrwUxDi-ooLm,Debtconsolidation,A,12000,7.29,0,0.13,inq4GkBo-RevJ,N,5
sbgD8YYz-InAm,26,32956,Own,10,LjMstY2m-zAJE,Medical,A,25000,NULL,0,NULL,sLGulbdP-UWbs,N,4
tFMiNmqD-7n8m,27,185232,Mortgage,10,sBAtAbCh-mlrF,Personal,A,35000,NULL,0,0.19,HX1QO8HM-NIXq,N,8
MJv0GJ8Y-65i6,22,34404,Rent,2,dXMAa21X-7y7l,Homeimprovement,D,7500,15.05,1,0.22,KgfBUl54-4M75,N,2
Q90GxivF-4CCI,30,143500,Mortgage,0,u1ITbITv-nCYD,Homeimprovement,B,20000,11.89,0,0.14,nkmntrjZ-Eqcy,N,8
nvtlxtJO-bTfc,33,170004,Mortgage,17,04I4PSrD-ZoaO,Personal,A,12000,7.51,0,0.07,elc7rSqd-xGEt,N,9
7dBZdhCE-h8p6,21,115000,Mortgage,2,DyCfcRiz-0s1F,Debtconsolidation,B,20000,10.83,0,0.17,nXgfW7LO-jpuK,N,4
KYUyvhCo-rahX,27,63000,Mortgage,12,JmKxi4C8-OIbG,Personal,A,18000,7.49,0,0.29,jt5nKRY7-rcB5,N,9
AHmstrcj-a3sc,25,22800,Rent,NULL,6po9H24M-Dyyb,Medical,B,6000,NULL,0,0.26,MS5Y53GD-opQC,N,3
8XM8tB8g-SfkQ,28,120000,Mortgage,12,7QarOirR-pppg,Education,A,10000,5.42,0,0.08,vTQcZsXq-IRZM,N,6
o106NJlW-03ld,43,145000,Mortgage,1,7Ddc2LzG-NU3x,Venture,A,20000,6.91,0,0.14,BoCZiFpk-OXaJ,N,17
piczfiLk-B4dv,25,61000,Own,2,ijS2Kc62-eEyZ,Personal,C,15000,14.65,0,0.25,hg0X557p-tHJZ,N,2
KWciQq69-jGYX,39,60000,Mortgage,20,J9RxP6Pu-cn4N,Medical,A,7000,7.68,0,0.12,gUdEo94J-YZHG,N,15
nRS5dKgj-hA4a,22,60000,Rent,6,BRLYeNcR-O30F,Education,A,4000,7.51,0,0.07,O4Lhrsu2-4FwM,N,3
j0hkaZAi-WJpB,29,40000,Mortgage,9,34UCigpM-LcHm,Personal,A,5000,6.99,0,0.13,uOqK9td7-y2TX,N,7
zPem3ped-1BJr,32,86000,Mortgage,4,nayUgMfT-6iou,Medical,A,8400,6.62,0,0.1,KAGoK0PX-fy0t,N,8
2N5Deky7-LZkd,23,26000,Mortgage,3,ROfCyINn-IUPi,Debtconsolidation,B,7800,10.59,0,0.3,LtUDFeiM-iv6A,N,3
Zimy7zeg-zNJJ,24,37000,Other,2,rqsFcbCh-9QTv,Education,B,5000,11.58,0,0.14,9ExOlAPU-ZH0L,N,3
AYU0LCx0-ptNC,24,112000,Rent,8,fwvKEIA0-FwaK,Homeimprovement,A,6400,6.62,0,0.06,qUwuENvb-d6OC,N,2
GCx5OiQx-7FdH,29,91440,Rent,13,kRUD3ScE-Q7gU,Homeimprovement,A,23000,6.54,0,0.25,PzTnEQZ7-AM5r,N,7
YnZHxgEw-aF66,26,58195,Rent,3,aFx63BrJ-k5F3,Personal,B,11000,9.91,0,0.19,BcPcoUPu-Bi77,N,2
yd9Y5ql2-UN8S,41,83000,Mortgage,6,GMM67Jso-KIbb,Homeimprovement,B,3000,11.83,0,0.04,IHizOYWZ-ZrC2,N,12
urN4ynD0-Bs9p,23,34000,Own,7,0dKWsUaC-56uh,Venture,A,10950,7.29,0,0.32,SGYt6Bzg-X7jg,N,2
ZCN82CSJ-n2YC,35,20000,Rent,4,HM1StFeH-08oO,Education,D,6000,15.99,0,0.3,tAINIM2v-1MOH,N,5
sx41ccRW-o9kd,22,71200,Rent,2,nvB01Bip-Lisd,Venture,B,11000,12.42,0,0.15,BFf2zyKP-PEv2,N,2
jG0OYzKR-fh29,47,70000,Rent,2,8FjqqG8j-CApE,Education,C,9000,12.87,0,0.13,qBgXji6v-xrpN,N,14
7XcKTbdT-5LpS,36,120000,Mortgage,12,Dppg7pCX-gGee,Homeimprovement,A,14500,5.42,0,0.12,oSxWU86h-AzLU,N,13
QoMxv9tl-6RS5,32,38300,Rent,4,WwvK6uAc-BtkP,Medical,B,5000,10.25,0,0.13,CjxkakKw-cGI6,N,9
GPyuwFAH-x5tU,26,36000,Mortgage,10,3nNEfRNx-61A8,Personal,B,18000,10.39,0,0.5,FYuBIRe2-DgUQ,N,2
RCx9phN5-6v4H,30,45000,Rent,1,URiDxeTv-BhBi,Education,A,6000,7.51,0,0.13,NPZ9A4cA-i85i,N,5
Xkn8efXu-fNSr,26,30000,Rent,1,5jJRi5h8-tBx5,Medical,E,NULL,7.51,0,0.17,0ze76sI8-dLYP,N,9
2c5TJeBX-Bhaz,37,85000,Rent,3,v24dlQwf-Jmz0,Education,C,10000,14.27,0,0.12,pFQ0RqtS-TeEb,N,14
gqdgwhlk-R2Wy,37,95000,Rent,3,mUHhpA8s-c9ou,Medical,A,10000,7.88,0,0.11,pTOtGC1G-xkte,N,13
fdv1iTWC-DQm7,27,72000,Rent,9,OKmCcDBr-FObx,Education,B,25000,10.75,1,0.35,FJfPLpeg-R8mk,N,8
6lLfUNwo-tU8d,39,27040,Mortgage,0,oJyUuuNy-pEh7,Debtconsolidation,A,4800,8.59,0,0.18,Su9Wq7y4-WXCn,N,13
4uzmI58x-fNuf,34,48000,Mortgage,7,agMe7AoS-0v4S,Education,B,8400,11.71,0,0.17,z291gsQf-FewB,N,10
vbK2hWnC-ze6P,23,54500,Rent,2,AdZtbJTX-f7kG,Debtconsolidation,A,9000,10.36,0,NULL,SZ9no4vU-5qBe,N,5
EY2k9mt7-WhMx,29,55000,Rent,3,TS0iHRpW-YaJw,Personal,B,1200,9.99,0,0.02,mEkb44qu-YIlM,N,6
glQaK54h-cWBR,34,68000,Rent,5,APifGMpO-oTQC,Homeimprovement,A,14400,8.59,0,0.21,3LU2Yalv-eqM2,N,5
IeqaKxFd-z06u,21,62316,Mortgage,5,bEGhh4QT-84ND,Medical,A,10000,7.66,0,0.16,9Jws0Dti-CacT,N,4
mIkHqOnk-8R8M,23,65000,Mortgage,3,DECcw4MQ-JXeu,Education,A,8000,7.14,0,0.12,B91Q2jre-dlQO,N,4
4hl0joMy-zm6Q,34,58000,Rent,11,UpQ0cuH3-lK02,Personal,B,10000,10.65,0,0.17,ZJncnDDp-sYIl,N,9
25x0n4G1-cjMr,28,81000,Mortgage,11,v1xeGtiR-nFHP,Personal,A,6000,6.17,0,0.07,ona6oAzr-eiAU,N,8
7jxqJIuP-I1OS,26,27000,Mortgage,NULL,h061JUJS-ssbb,Debtconsolidation,A,3000,5.79,0,0.11,NDJXG9sO-ddFT,N,3
U5A0YCeg-dIb4,24,39000,Mortgage,8,39oyxmrD-0bvO,Venture,A,1200,NULL,0,0.03,ZuHf01Ss-ZxtT,N,2
3QrrKxYs-Ksf9,43,122500,Mortgage,4,mAAbfW5i-hOds,Education,A,9150,6.03,0,0.07,GJXsUEd1-aAAv,N,12
ZUKhCPqM-5PlL,23,136000,Mortgage,7,PkhINu4H-vWQx,Education,A,8000,8.32,0,0.06,FYhm2rrf-KgwO,N,2
8kxrLF6B-Ug74,30,36000,Mortgage,1,1wWKysSB-uToh,Debtconsolidation,A,15000,6.62,0,0.42,e8u7d3Jt-N6gx,N,9
gfaz3an2-JoDZ,26,122000,Mortgage,4,u1R3MTPL-weID,Education,C,4800,NULL,0,0.04,Xf7DSEoa-TOfm,Y,3
ZSDuRFy0-u7jl,24,NULL,Mortgage,8,Ekp9E7M7-x7T1,Medical,D,4000,13.49,0,NULL,IolXYsXr-fbcB,N,15
1WMzk5W9-2BGN,25,37000,Rent,2,w95JTGMZ-oN61,Venture,B,3325,11.49,0,0.09,s03kLMUF-1oUP,N,3
m5pFFwqC-1WQR,55,50000,Rent,2,DZHlC7M0-m5Qo,Debtconsolidation,A,20000,7.51,1,0.4,h3graqDS-6Gyi,N,28
i9PIXGe3-abQG,25,56000,Rent,2,yYlc2ZFN-f1yz,Personal,B,3000,12.69,0,0.05,xrY2j1Fr-Mpxx,N,3
5c61u2W2-lFBG,25,30720,Rent,2,QaihcaKr-HjUR,Homeimprovement,C,11000,13.72,1,0.36,AJ7QpBgB-xi1v,N,2
YaAX6QNP-Q98j,NULL,34000,Mortgage,NULL,K0RfZfnX-D27H,Debtconsolidation,B,5000,13.98,0,0.08,AJdwn52H-2loK,Y,2
0G1gxTZj-OFEn,35,200000,Rent,7,6eG1Suw6-KYyW,Venture,B,5000,NULL,0,0.03,DSdi1Rs0-IOB6,N,10
gBu40RZv-yonM,29,66000,Mortgage,NULL,tDBmBWkG-xqrH,Personal,A,3000,7.66,0,0.05,QlLBR7E0-QJ9n,N,7
UJdC5KZu-plFs,36,42000,Rent,1,BnaYytrJ-t7HD,Education,A,21000,7.49,1,0.5,K167S7O2-Fl8c,N,11
7G3MBYzM-w4BC,39,56100,Mortgage,23,M80ubdhT-D8RZ,Medical,D,8000,16.07,1,0.12,A58WkquD-zv34,N,14
D5LadCUe-o1wR,24,37000,Rent,8,UKPsScvL-4Ch8,Medical,A,6000,6.76,0,0.16,vM8byJDw-bCvz,N,4
1fxqLuSr-AsTK,24,65000,Rent,3,wFtbqlUY-YGAp,Personal,B,10000,12.42,0,0.15,hp1zMcDW-ufss,N,2
2C4gMtQH-cgo8,27,160669,Mortgage,3,nRsr2kNY-DD7L,Debtconsolidation,B,8000,11.36,0,0.05,k69CY4Dj-ybMd,N,9
wwwtdBl4-v8vb,41,43000,Own,3,6wlYoWpP-k8M5,Venture,B,22800,12.21,0,0.53,75Fk9t7Z-w0PZ,N,11
WvikzddB-Fzo8,23,85000,Rent,2,NRNKsI3j-vy1N,Medical,B,9600,10.99,0,0.11,qMi6xZcZ-7pv3,N,4
NrHgiiCU-XBcP,27,60000,Rent,6,q2Z8GsSD-L7sM,Education,A,12650,NULL,0,0.21,bBbpkns0-IQbP,N,9
Ox4Ei98K-Rwop,29,75000,Rent,2,buQtiy9A-56fc,Debtconsolidation,A,4000,8.49,0,0.05,QwPvd7Y1-ml93,N,6
krmMias0-Qfp4,24,13000,Rent,4,Fvq7kLAH-RnIg,Personal,B,4000,9.88,1,0.31,irzSaGQW-EkTT,N,2
EyiIKdDK-D6jk,33,21996,Rent,0,rC7ue6fh-bavc,Education,C,9250,12.87,1,0.42,bAcLwo8u-UFBe,N,9
k892F3RW-F22m,31,17000,Rent,3,uNUTkfc3-DL2C,Venture,B,4575,11.48,1,0.27,RA6KUqnJ-IbNB,N,7
qTFEBiKS-PloR,24,61200,Mortgage,8,t6NlTz2B-WrGl,Education,C,2500,NULL,1,0.04,Pzg5SeCX-uJyr,N,4
C1a0p6cy-4wxF,22,26886,Own,6,zsNiSNTn-860k,Education,C,7500,NULL,0,0.28,lcxwzZNl-3Yxp,Y,4
4xMgHOng-zjIB,24,133000,Rent,5,4AZmB6Mr-ofOP,Education,B,17400,11.71,0,0.13,YEjt2jud-3mMP,N,4
jqwF3M1Y-q6gw,25,40000,Rent,3,93AyfBed-6QX9,Medical,B,2500,9.99,0,0.06,0Im73E2g-cFIY,N,3
ogK8YOOe-nqfu,27,55000,Rent,3,uIiydoRz-Yc3l,Debtconsolidation,C,20000,13.48,1,0.36,nU7KIn2b-WUUe,N,9
bJ9MWfOk-xK7w,29,59004,Rent,0,y3BfxT2n-bhd5,Debtconsolidation,B,4800,11.49,1,0.08,2T65fbod-4z7w,N,7
qcWkLabY-dzwN,27,26000,Mortgage,11,te4eTOf5-HceX,Medical,A,5000,8.94,0,0.19,irFn0uJE-TAfv,N,9
tTm1nl2h-WUbX,31,62000,Mortgage,4,rt5WSyx1-x8Ds,Venture,A,10500,NULL,0,0.15,rmdQq3yy-CBUy,N,4
CXDRMHSB-BT8G,30,43200,Mortgage,5,lcTLYhL4-N0Cb,Homeimprovement,C,4200,13.49,0,0.1,MYcW2hvx-iOUL,Y,7
QQSLLUXU-ulq6,38,55000,Rent,9,jBeKLq17-p2Bv,Homeimprovement,D,3325,16.89,0,0.06,mKBmvPiW-w8UW,N,14
BhcnG6vh-Nz4d,34,39000,Rent,5,7Ce4JU99-aZsH,Homeimprovement,B,7200,11.71,1,0.18,eJoy9aka-3IDa,N,5
9UwxtzKc-Cxas,24,37000,Rent,1,eNglPlbm-eMQ3,Debtconsolidation,A,6000,7.66,0,0.16,svLGCqUl-rZx4,N,2
tZZsLaL1-7Mky,29,60000,Rent,1,PNb4Qvjs-ZLLI,Homeimprovement,B,6000,10.01,0,0.1,vjHlgU1U-gmH0,N,10
2JNXjB5o-hpRd,23,78000,Rent,5,T9YD4imY-f0JM,Education,D,2300,17.58,0,0.03,vzbKF2YY-8I8Y,Y,2
lRT0Ql8D-XdCy,23,55000,Mortgage,3,DCjjMCEe-6If3,Personal,A,7500,7.51,0,0.14,u5Ad74GF-k3cE,N,2
IrRgPlM4-I4uf,22,18000,Rent,1,0xm86pTX-tS43,Medical,B,1800,12.18,1,0.1,r4ezJll1-Tyzd,N,3
B7Bwy0bI-LFeT,23,48000,Rent,3,MpWCxnpz-12FN,Medical,A,4800,5.42,0,0.1,GCm9wr3b-2Pvm,N,3
6U9REIkM-2x8Q,29,186063,Mortgage,14,RmpHsgvW-wytJ,Education,B,25000,10.46,0,0.13,dA1uSW1z-oedX,N,6
Xh2nAJmG-pZvr,33,97200,Mortgage,4,SWW0C79r-lt68,Personal,C,20000,12.29,0,0.21,IIqg51h8-ti3a,N,9
1uCrwF8N-DjZd,24,40000,Own,4,UygeLeu4-dv8b,Personal,C,2000,14.35,0,0.05,ThBdcz5O-i9sg,N,2
IKycSJoZ-ILOP,44,30000,Rent,6,HE6CDRhR-1CeG,Venture,C,5000,13.98,0,0.17,idhZeFvn-2zDi,N,11
G5TRYDPA-qxYL,24,29004,Rent,4,6fHGYU4B-4PNX,Education,A,5000,6.92,1,0.17,PbR6Y7TH-4oe3,N,3
fXWWlxh6-S4kx,25,85000,Own,1,3nSnUcjN-6Qt9,Homeimprovement,C,5000,13.79,0,0.06,hoCiJgbj-6rPo,Y,2
0h9XLFLa-eOOf,27,80000,Mortgage,11,f0R2n0yN-6ayY,Personal,A,8500,6.03,0,0.11,iL4nPq7n-55n1,N,6
yv86b5Ow-ywPM,26,105400,Mortgage,6,6SKos5FL-oMpz,Medical,D,24000,14.61,1,0.19,5fljNp94-CFIG,N,3
i7yWnvvA-QSSX,23,42000,Mortgage,3,to8NJBu3-NIjy,Education,A,11000,6.54,0,0.26,RL1UYJBl-msDw,N,3
kW7cvvn6-LTyE,30,70000,Mortgage,6,iC4MaAWb-ZIux,Homeimprovement,B,12800,NULL,0,0.18,FgFTqUWR-uyTW,N,7
8Ezbl5EF-le6m,26,35652,Rent,5,uz3MJnvb-wsQt,Debtconsolidation,B,1400,11.49,1,0.04,PnB04pWW-5U3M,N,4
Wn49dwNy-vSqk,23,60000,Mortgage,6,P0wH6t2B-0QFv,Debtconsolidation,C,7000,12.99,0,0.12,GQtqOSEe-MeXY,N,4
hwapvLIF-2PAR,24,30000,Rent,2,SLA0hIlF-8bIC,Debtconsolidation,C,3350,14.72,0,0.11,6KPB36jm-wtW8,Y,2
YYvjfK8v-CbGk,24,110000,Mortgage,7,FAiZjYc4-Glca,Debtconsolidation,A,12000,8.94,0,0.11,bTYH00fk-UcL0,N,2
3YlLC4Di-Kx3O,28,83000,Mortgage,9,Sce1MmAw-LqJB,Debtconsolidation,B,12000,10.74,0,0.14,Wy2AsN2F-Nnk6,N,6
ccU5LAlm-oeHq,52,54000,Rent,0,LtTdF3HU-KFgJ,Personal,A,1500,8.49,1,0.03,Adc5z7H5-W6D2,N,24
rT8B2Pan-Jyki,26,45928,Rent,5,0oI8dwkQ-F5JA,Homeimprovement,A,6000,7.9,1,0.13,l5316vwq-GYPd,N,4
e6UBZCqm-1fnL,25,24000,Mortgage,0,jtUaT92L-W55Q,Debtconsolidation,C,6000,13.49,0,0.25,Hn6dGjED-gPQH,Y,3
DpHjHIun-hxXW,33,78000,Mortgage,17,64S24JSP-eXdm,Venture,D,10000,NULL,0,0.13,9Z0HPsWo-50jb,N,10
MY8FOgRk-mGxs,23,14000,Rent,0,a7Fz1JOC-Ovfc,Debtconsolidation,C,1500,NULL,0,0.11,5eRFUbNG-LUv2,Y,4
ToIZryHX-ZcX8,27,32500,Own,3,13YbkSU7-3Ugy,Personal,A,5000,6.62,0,0.15,yorxrujQ-ezKi,N,8
qsFx4g0C-nniQ,28,55000,Rent,2,tXE8qS8j-QZnA,Medical,B,13800,11.83,0,0.25,MzzSHMUq-xYuT,N,6
sshB2Y6q-HZlx,25,72893,Mortgage,9,n2vpquGb-uELg,Personal,C,20000,13.22,0,0.27,8Es6aPbA-kObU,N,2
XgIx0cvn-RRMo,30,72000,Rent,12,qpfBbrtC-GAPF,Education,A,12400,NULL,0,0.17,U9Ty7gIl-ruaK,N,5
vXD9AtZs-4fIw,22,49000,Rent,7,mx6eQYbB-pQP4,Personal,A,7500,6.62,0,0.15,Pq3EexbE-sKrg,N,3
q7p8al6p-kovf,29,24000,Own,3,IzAKBBp8-4hek,Personal,A,7200,7.51,0,0.3,8kFbSpx8-Ca6l,N,6
lcfGmBxC-7o5u,31,24000,Rent,0,AOogfhmd-WO9F,Debtconsolidation,A,9925,6.62,1,0.41,pJcRvYss-JdDM,N,6
PBrDNjgD-39L3,23,120000,Mortgage,2,6goUvcYq-0O9a,Education,A,6000,6.76,0,0.05,y5t7kDMs-BgrL,N,3
IfWGWFOE-mGib,22,40000,Mortgage,5,1E6xy71L-LL1B,Debtconsolidation,B,8000,9.76,0,0.2,tfD72JXk-9rsz,N,4
v0Tps8Bo-fGBT,31,33600,Rent,0,iC0rGPxI-Ygie,Medical,B,4000,11.49,0,0.12,bjNErMcY-wWYA,N,5
9xXWDDow-m4Xq,22,28800,Mortgage,2,ZNH2wYXz-josC,Medical,A,10000,7.49,0,0.35,KHB4chHe-u7vG,N,2
Bhbq0KSQ-FJ1m,25,36000,Rent,2,fQXK3GTy-uXI4,Education,C,3600,15.23,0,0.1,ZEnAiCBz-zepq,N,4
UFuSST8Z-JIaE,23,65000,Mortgage,7,kzfU827P-G04s,Education,A,9000,7.88,0,0.14,4oTKl0H0-wZEb,N,3
74JOTgMS-5pfl,24,134000,Mortgage,2,UoK5vp54-4gHp,Debtconsolidation,D,25000,14.83,1,0.19,nMnJSJ0I-eBys,N,4
qDBl3hP4-f1ur,26,38400,Rent,8,0xOlqW5J-QCOA,Venture,D,9100,15.37,0,0.24,zFEHh7n5-Gjvg,Y,2
E24tdG2E-XSjf,28,225000,Mortgage,11,aqKurn4w-Nzei,Education,E,9000,16.95,1,0.04,lSIr04Er-zx2e,Y,8
dWo1gXXw-YlqB,25,90000,Mortgage,9,aXanktOp-lIvf,Homeimprovement,A,10000,5.42,0,0.11,D53issJU-sE2c,N,4
dm36E1cl-Q8CF,31,75000,Rent,5,w2MfCDxt-qn7v,Debtconsolidation,B,15000,12.69,0,0.2,2hhEhbYF-149Q,N,5
r3l5Cqbs-NwmR,23,45000,Mortgage,2,eT2Ct2mI-A3jW,Debtconsolidation,A,6000,7.49,0,0.13,C2kMBDrT-rrS8,N,3
TqMkt1FG-n6Oa,26,78000,Mortgage,7,Xyppv91Z-69Pk,Venture,A,7200,6.62,0,0.09,XiKZ4kpG-MQkv,N,4
GrB2U4E6-T7tD,22,61000,Mortgage,1,tWowJ6W0-FHXy,Medical,A,8000,5.79,0,0.13,fRkm54gd-75g2,N,4
HwwIfP5R-eazP,32,52000,Rent,0,EmEHFJIP-uC29,Personal,A,7125,7.49,0,0.14,g6Qm3sah-IOv6,N,10
KpgbTqmR-PM0H,27,48000,Rent,5,ipCruesi-JaTQ,Venture,B,12000,11.71,0,0.25,J63X0dFA-STxu,N,6
qKQJIAIO-ktJ6,42,50000,Mortgage,5,iKxJE5Xp-B3jW,Education,B,7000,NULL,0,0.14,PzP6MsEr-bPRJ,N,12
QqgCp8dl-3z7f,25,70000,Rent,9,qj1hF404-oL8z,Homeimprovement,D,15000,16.02,0,0.21,qjjfjzUw-nD8k,N,4
OSzTxrFF-Eqmx,26,54000,Rent,2,aafFYxT0-HySf,Venture,D,16000,14.83,1,0.3,swJjqopM-J1xm,N,2
cbWvHOZa-FygL,22,50000,Rent,7,HojZL354-uFr3,Medical,A,4000,7.4,0,0.08,gZuKNU7S-uXdO,N,2
nMDA4Baq-1LNm,33,58800,Rent,10,mB97UIG5-CYmY,Medical,B,3000,11.49,0,0.05,3sRhK0dI-jm0y,N,9
gTN4tllO-ZtsY,34,60000,Rent,14,2DGOS6eU-RSsN,Homeimprovement,C,10000,13.57,0,0.17,qRcJUWHv-AJlB,N,6
TLsRsmFT-tLLk,34,105000,Mortgage,2,TTbyCtye-O1MC,Homeimprovement,A,5000,5.42,0,0.05,ZBtymRJa-gqxq,N,7
vm9oCPiu-t6Wi,29,56500,Rent,3,teiOJnuJ-RdZO,Medical,B,7000,NULL,1,0.12,2brsKYgp-RuDu,N,8
S4vTtBZi-84KD,35,75000,Mortgage,5,I8EcCrX7-rHa9,Debtconsolidation,C,4000,14.27,0,0.05,qrIoQJjF-cAFz,Y,5
leN7GC5x-0Bek,41,35400,Rent,11,XqQzGTt4-Cw5L,Venture,C,1500,12.87,0,0.04,MBdKMQL8-j4kz,Y,14
jd9c8jdM-XRwb,23,75000,Rent,2,hyzrkwAS-zXNL,Medical,A,8000,7.9,0,0.11,1FOTi6fL-c7t7,N,4
xMKgACvR-MEo5,25,55000,Mortgage,3,C5kedUe1-427I,Debtconsolidation,A,24200,8.49,0,0.44,HoM0dQLC-ymjW,N,3
EkNMricS-DiSg,28,276000,Rent,NULL,1BXKMwYs-ukf8,Personal,A,NULL,12.21,1,0.36,y65bqEmP-nLhr,N,14
IMBGp6Qc-RkP6,22,69500,Mortgage,6,v4YJgLey-EO1u,Medical,C,6000,13.48,0,0.09,Du30qLJU-UecW,N,3
wNEkY2EF-Bxtc,26,78000,Rent,1,DqWn4QtB-2j7Y,Debtconsolidation,B,15000,12.42,1,0.19,4tiE1pOu-6wWt,N,3
GgTyyvXm-e0SY,26,225000,Rent,1,Onkk8AA3-aMnI,Education,A,3000,9.32,0,0.01,sHtyBYaq-GIsw,N,4
g4hP4TmR-OgCU,23,50000,Rent,5,hBsWlIXf-nCBR,Personal,A,10000,8.94,0,0.2,cBZU1X0B-Ya7B,N,2
1gbQ4RZ1-IMcg,33,80000,Mortgage,5,3OF9yUBo-pxgK,Homeimprovement,D,24000,14.46,0,0.3,nslcmEgq-uPnO,N,6
oeW6zzuX-39Ty,22,35000,Rent,1,YkIMmsWT-1dxu,Venture,C,8000,12.41,0,0.23,JUdHvywU-USRt,N,3
dQ7OIswo-9R1L,30,54000,Rent,2,04z2S1YS-WwJn,Homeimprovement,E,5000,15.13,1,0.09,IUel1Mih-Rtot,N,7
1GRJyZsP-Kgl6,34,42000,Rent,2,Yf3USGxd-asiH,Medical,B,2500,10.59,0,0.06,qyz2UHDq-Z1on,N,6
UYXNyy9i-UoTU,26,96640,Other,8,JUQA7P20-5322,Education,B,25000,11.58,0,0.26,trjRJH4w-GAxQ,N,2
kdAJ9IS9-KtOP,28,50000,Rent,2,psdBgfR7-di12,Debtconsolidation,B,3000,10.37,0,0.06,yvB9MZ3o-oW3c,N,9
fBe6HTvG-x3KQ,23,24216,Rent,1,oH2PxRk3-91gS,Education,D,3600,16.49,1,0.15,JKERLCv1-N5nf,N,3
cRItaaPB-pRvT,31,19968,Rent,1,Ks4nz74P-z6Iq,Education,B,2500,9.62,1,0.13,hzAXqSDh-ay7Q,N,6
czXhEh29-2WH6,24,34132,Rent,0,qjrPZ8vh-1gOB,Education,B,12000,10.62,1,0.35,dmWRWfbG-SQv5,N,3
MmzNrerQ-ou6R,23,80000,Rent,2,Os5Xu9nf-RhGy,Venture,B,7800,9.99,0,0.1,5FHqtKEY-kDD5,N,2
OrUsosBy-jMKb,25,38000,Rent,9,fg944A8i-NRle,Medical,B,4800,11.71,0,0.13,fYw76FWg-HSfR,N,4
MG4SzDil-encl,22,56000,Mortgage,3,rCTPiZ7i-jqZD,Education,D,10075,16.29,0,0.18,j6IXbO04-FHhz,Y,4
8PmXI7ia-QAoh,27,102000,Rent,2,bLOM4QWZ-zpOI,Homeimprovement,A,10150,NULL,0,0.1,RdUFOJ76-3x23,N,6
Y2RxYZhT-qEaT,22,36000,Rent,1,n7DRRvRp-Cf8R,Personal,A,1000,7.68,0,0.03,HafWA2vP-oztQ,N,4
1fa1jfa9-lqs5,24,88000,Mortgage,4,Z51O1Hsi-rRBJ,Medical,B,6000,9.91,0,0.07,YteJwBSJ-v01s,N,2
JTDL4rdY-ZX45,28,30000,Rent,0,pw1D8xS2-dvfH,Personal,B,8400,11.89,0,0.28,dctkd8zk-uYR6,N,10
mwMuTa46-rWpW,30,37800,Rent,4,UeuDLumF-hDGn,Medical,B,15050,9.99,1,0.4,O39bLdNF-Wit2,N,7
vBc0WZqJ-5fku,27,25200,Rent,0,6OSbOt9E-hUMM,Venture,C,2550,14.27,0,0.1,qWFLvyxt-ZM0b,N,5
SpM03wsj-50hH,24,100000,Rent,1,s1IZIdHt-jfC8,Venture,B,15000,11.89,0,0.15,xmfjPUnD-nJ48,N,2
gaYOYiiG-giqU,22,69700,Rent,4,3vZ8Yycy-AzoG,Education,B,11200,NULL,0,0.16,fbF0voGT-nBP5,N,2
Ll8yTOih-I4Ex,38,30000,Rent,6,brTIPhj4-iSci,Medical,A,8000,NULL,0,0.27,DH535nUu-wMOn,N,14
qdRmbLR7-dCdi,37,36000,Mortgage,21,r8Fe5XFx-GoNC,Venture,A,8000,7.88,0,0.22,1oNa4ln2-5QRq,N,15
msneyluQ-1NEG,32,70000,Mortgage,7,uFdAfvIz-CfpJ,Personal,A,6000,5.42,0,0.09,7TXwL37G-y7TE,N,6
2aabCXGX-8hnj,22,26400,Mortgage,NULL,u2B5cREv-2wsy,Personal,B,1000,NULL,1,0.04,RUbEJKlN-Oeck,N,2
F65PD3Ph-gdnE,30,50000,Rent,6,ORvMBSzE-seP2,Medical,C,10000,NULL,0,0.2,ShIoahLn-AvGo,N,5
FzubElzl-Iwp9,26,77000,Rent,0,I2S3TA2D-6Pdm,Venture,A,22000,6.54,0,0.29,QWJm9xaN-m4vU,N,3
hybdOYlt-AuZ7,26,52800,Rent,4,Feo6URHQ-NxxQ,Personal,B,4000,9.99,1,0.08,ZBOA9Ag9-HDuo,N,3
0GZvrlej-NeJj,23,33996,Rent,0,f1iUo5bw-ZhfI,Personal,D,5000,14.84,1,0.15,KjPm1FWp-0DTM,Y,2
3YZOWW7T-DcwW,24,75000,Rent,4,Q91WXmW5-iafE,Homeimprovement,C,3000,NULL,0,0.04,IP1LSdMe-wOCZ,N,4
SBWokZAU-yGFl,26,35000,Rent,0,y1qJW9sN-WlRp,Medical,A,6600,8.59,0,0.19,GgCaI5OX-z2KX,N,4
DjLN68mw-6o78,23,112000,Mortgage,5,vBpea1tZ-DrZm,Personal,B,12000,11.99,0,0.11,Hd4goEjD-BOD4,N,3
p6PGLtzY-TfTl,23,98000,Mortgage,7,JGekobOu-eda1,Debtconsolidation,C,20000,13.57,0,0.2,4eh9JtiT-i4E3,N,4
nHsEvyp8-rQh3,48,16800,Own,0,X5JUoqDX-aInG,Homeimprovement,B,3300,10.99,1,0.2,O8579OOu-gqzD,N,14
58YIU80D-nzUG,26,50000,Own,11,bzb2KCaf-ymdz,Homeimprovement,B,1800,11.49,0,0.04,rhPQhRFo-Q2qO,N,4
9BOwm34a-hRqc,28,100000,Mortgage,0,v5KUvAMI-3jzj,Venture,C,18000,13.99,0,0.18,S0FZp8Ne-YuQ1,Y,6
g207752f-KPeq,24,48000,Mortgage,3,OqBz0aLl-YKaZ,Debtconsolidation,B,4800,9.99,0,0.1,FSquHZqw-zJzf,N,2
0Sdgf36Z-auBI,22,30000,Own,6,lNlenObT-659Q,Education,A,2500,7.29,0,0.08,0NQJMZa6-PqEk,N,3
CNqfvtB4-DxFi,21,24996,Rent,0,HO7zg4B4-Z6dI,Debtconsolidation,B,3000,11.49,0,0.12,rNwttLOU-Ht9F,N,3
hw9HwidM-bZMq,23,57000,Mortgage,6,M001gktk-YrMS,Education,D,17500,14.09,0,0.31,B5XwHQIM-Ce0b,Y,3
PjAMARPG-oSz1,29,48000,Rent,4,vIDkwHGO-wy9d,Venture,B,10000,10.62,0,0.21,wbvIoQ3I-DqaZ,N,10
fGOTdRSB-8508,28,50000,Rent,1,A1TlrjGo-DAXJ,Personal,B,4800,10.37,0,0.1,Nm57TkGH-8BXj,N,10
6ULt5FuM-rAnK,33,116000,Mortgage,5,5RgO30rA-2Wgx,Education,C,15000,12.84,0,0.13,BlbMGp8f-KIPG,N,7
JGWwNyny-5gGE,29,55000,Own,4,D2pk02X7-9b3t,Venture,B,10000,11.36,0,0.18,pGXO17Tm-z7Iy,N,8
gBYcKqmc-sTBi,25,51300,Rent,9,K0pG1MyW-rcTd,Debtconsolidation,A,3600,7.49,0,0.07,qUSgykqJ-3B8p,N,3
6AxhNce0-WuXE,36,78000,Mortgage,7,QzsMb7hh-MnRz,Personal,A,15000,7.88,0,0.19,7RwdESX0-mHZT,N,16
gEx18EXF-bMoS,32,28800,Rent,16,C0w9dk6k-aJ5p,Medical,B,5000,10.59,0,0.17,M7rFXURx-auFZ,N,9
eB5CPQE2-sBhW,49,95000,Mortgage,2,YhARy7mo-Fs3y,Homeimprovement,A,3000,5.42,0,0.03,JAJi4DOI-9TU1,N,12
MLWcPwlb-R2pi,23,48600,Own,2,YnHlCCTq-2QGx,Medical,A,5000,7.49,0,0.1,C6bi0L7m-NXoe,N,2
q34eDF5b-4nCl,28,62496,Rent,4,iw194Org-jHE7,Education,A,12000,6.91,0,0.19,scOLE8ia-1WoS,N,5
24nLsPmC-WyBa,22,25000,Own,1,8lbemJ06-5m0s,Medical,C,2400,14.27,0,0.1,obCSo9bm-YHb8,Y,2
ilrJ6rZq-CX13,22,70000,Rent,6,tDQetWZn-PAi6,Education,D,29100,15.99,1,0.42,byXUM2Ms-LsfZ,N,3
bHmfMDgk-eNpz,27,54000,Rent,3,H0AIKaXt-iPSt,Education,B,4000,10.74,0,0.07,fTzNe7KK-G8fQ,N,5
Nf0l57HO-xBiD,31,275000,Mortgage,9,B3ED5I6J-PisZ,Personal,C,25000,13.85,0,0.09,fkaPci0P-zptW,N,6
rbyZLzGQ-rkRu,26,45000,Rent,0,CcCCpa0d-PITn,Debtconsolidation,B,9000,10.39,0,0.2,EDorPCIW-AbjL,N,2
qEMr8POf-WBhC,25,80600,Rent,9,6KeB7p0k-tCPP,Personal,B,13800,11.99,0,0.17,KQ05QAOf-F3j0,N,3
09gdhdqR-kiFy,25,45000,Own,5,DcAxKqOk-o2Er,Venture,B,10400,10.25,0,0.23,msvyb3Ok-vs15,N,3
2mFUswaL-EriQ,31,46000,Mortgage,5,GAtwXRoZ-w5Rz,Education,C,8000,13.49,1,0.17,HqNirgxz-Yvwp,Y,5
RIHQmv96-Xjok,24,32000,Rent,2,uaEuiI6J-GFU7,Education,B,2000,10.59,1,0.06,wMK4KKGX-A3Qs,N,3
8K1nG6bg-EO81,27,54000,Rent,2,rnjm1JWT-KiCZ,Medical,B,20000,10.99,1,0.37,Hsuhb2up-qL4q,N,8
Jo22eKLF-BkaK,29,84996,Mortgage,13,nPwPqq7m-KZXv,Debtconsolidation,A,6000,7.68,0,0.07,eDbRFsDM-bKku,N,8
6CoCEskk-PFUB,26,49000,Rent,0,RvFMCdSH-f9RQ,Homeimprovement,F,20000,19.79,1,0.41,zJktTQMR-PMPI,N,3
v5TBBW9A-BAbh,26,39996,Rent,5,X3QqmqIh-iA4Q,Education,C,4800,12.99,0,0.12,TOE5ZeWt-4L4L,N,4
mrhyKjaB-yxvx,22,42000,Own,6,oul7poL1-dF53,Venture,A,4800,NULL,0,0.11,DzdBI3iT-NfFb,N,3
Yk3753Ch-aEpv,27,78262,Rent,4,3JirLm4Y-TQcZ,Homeimprovement,B,11525,NULL,0,0.15,XSUdPB15-2HnB,N,8
wv95d1tM-vuLh,26,50400,Mortgage,3,MCHx7mzt-JzZM,Homeimprovement,B,24000,9.91,0,0.48,hhImQG3D-r1O9,N,3
zQKnCljO-ZDKu,30,117005,Rent,1,MiOU8xTd-mvHu,Venture,E,12000,18.79,1,0.1,jclhMRmp-AYa5,Y,8
1TQ8tuq7-bIRS,27,35000,Rent,0,FFlCHmne-MvJF,Debtconsolidation,A,3000,8.49,0,0.09,byyK9jq7-Rf53,N,10
MR7jUvH0-Cj5y,29,78300,Mortgage,1,qNI1D8Ll-cOhz,Venture,F,10000,18.09,0,0.13,XDYXq5fv-OIuj,Y,9
T8rX7u9r-6CAP,22,60000,Rent,0,soThg0Og-tPqv,Education,A,6025,NULL,0,0.1,8fQaiGcL-Xff3,N,4
sGhzWfjg-gveA,23,38000,Rent,0,LyPPAGdH-Ge9c,Medical,A,8000,6.17,0,0.21,SL49ikJD-c1Yb,N,2
OEZIE3CF-lKhu,25,127000,Mortgage,9,eiqxZrST-XzfJ,Personal,B,6000,9.91,0,0.05,xRzOGn0n-jPt6,N,2
HbmrAz7R-nHbm,21,19800,Own,4,LNMdp3W1-McUM,Homeimprovement,D,6800,14.59,1,0.34,w7uwMMZC-Ozj0,N,2
1jgsPcmz-AtYM,43,60000,Mortgage,27,mvDYQ8Db-JIKP,Homeimprovement,B,10000,9.88,0,0.17,6K2OhjWw-DBYE,N,16
lU1KJhdE-6j3d,23,72324,Rent,7,5ye4eYT8-rOCk,Venture,B,12000,10.99,0,0.17,wbWk4wpx-HSjT,N,3
GDefqSPp-eGf8,33,55200,Rent,3,ddG0G7DO-rheG,Venture,C,8100,NULL,0,0.15,ilMZY7Jm-h5yd,Y,10
fUHfzQEz-mg9Z,25,72000,Mortgage,9,9ZNqQ846-jzlE,Education,B,14000,12.42,0,0.19,9c0DOjaB-WkWd,N,2
F0QgxiDc-EaIn,28,33000,Own,1,uOrsY06m-x4k2,Homeimprovement,D,7500,15.31,0,0.23,reLi4kwd-1GNh,Y,6
KeIYcvbo-MmNb,24,54000,Mortgage,8,l6sGmhhp-BfGA,Personal,B,4000,9.99,0,0.07,4qeUMzG6-6zTH,N,2
uD3ewxtg-au0s,29,85000,Rent,12,iWSuJSxN-8tvD,Personal,B,8000,10.62,0,0.09,5xlouRKf-r8Km,N,8
vm42yW1I-l3ke,22,42000,Rent,5,kJi3ErAt-4aW8,Debtconsolidation,A,17000,7.66,1,0.4,Hf8sSWIp-B36K,N,4
GFNd4jS8-mapN,23,20124,Rent,NULL,1pFpCJyj-XePq,Debtconsolidation,C,5950,13.49,0,0.3,a3RaKIXW-7mWz,Y,3
z7O5S4LO-0Y5x,24,65450,Mortgage,8,9DhHSBkb-oqps,Medical,D,5000,16.77,1,0.06,smrhla6g-C6RO,N,4
0YSZtDo9-Yh4w,30,20800,Rent,0,HHYo1qux-xikc,Medical,A,7250,8,1,0.35,MUmpSuDu-csXn,N,10
JxRWa6NZ-4s7q,26,56045,Rent,1,wbvipmUO-9m1j,Medical,D,24250,14.96,1,0.37,r8ABnD9l-ekpt,N,2
ndKhejoG-GErL,37,49500,Rent,0,yXSCz8Ux-dcE8,Medical,A,10000,7.66,0,0.2,Hlg1k9Tr-faCI,N,14
julCWSmt-WhKM,26,45000,Rent,5,TFfxGuUM-0fQd,Medical,D,1800,14.11,0,0.04,feBy5kd9-O1G6,Y,2
h4eiMv09-JITO,24,90000,Rent,3,dyi9wgMv-Cr8p,Homeimprovement,B,15000,11.86,0,0.17,3bmOa6oS-3f5u,N,2
sfr7p8wJ-7gB3,23,57744,Mortgage,7,hMeq7m1U-kJlv,Personal,B,2500,10.37,0,0.04,PP0Agyvz-Ygx7,N,2
0uwui9kj-UyQ9,29,70000,Mortgage,6,fPr528Oe-WEYW,Debtconsolidation,B,4200,10.99,0,0.06,lWrSfH6J-RLgL,N,9
7bPeZSC2-0qBh,27,89000,Mortgage,2,RUGSJPqa-yMzo,Debtconsolidation,B,10000,10.65,0,0.11,CEUyffad-H0Bm,N,7
cr8Otoa4-hWku,NULL,54000,Mortgage,4,PXXZQmo1-D36F,Medical,A,NULL,7.49,0,0.11,myIAaob2-wDQ9,N,4
b7qJoXaW-bqRS,27,25000,Rent,0,vk39ghsP-Aa2D,Homeimprovement,D,3000,15.62,1,0.12,GBGjxK8F-gQn3,N,5
f02Gy65l-QrnF,27,62000,Rent,4,3tfWXEZ8-98s5,Education,C,7500,13.04,0,0.12,vN6yREcn-PC1p,Y,6
WvGb5NMz-SNoP,37,84000,Mortgage,21,T2kKS0XG-051y,Venture,C,24000,NULL,0,0.29,qNYNQdRK-EJpb,Y,17
kw7FCTZe-yPS3,34,73000,Mortgage,7,KeafB0Oc-3UFr,Personal,A,20675,NULL,0,0.28,f11C9pR8-LqkT,N,9
wvZ4ETy2-gheu,24,35000,Mortgage,7,XcNwfrJw-XBwo,Education,A,15000,7.49,0,0.43,fQJRj3HS-Z7ET,N,4
IQaf2TUY-NGMs,25,225000,Mortgage,0,6J2xILAQ-Apht,Venture,F,25000,18.67,0,0.11,pgtCe1zb-Cgej,N,2
L7b4WzY7-m9MO,27,69000,Mortgage,3,PXgRuoOC-QhS4,Education,B,4000,11.49,1,0.06,ffZ661Jf-WOQx,N,8
0HBMYFf4-aEkq,22,100000,Rent,3,4TD3AB67-wdtv,Medical,A,1200,8.59,0,0.01,YnisGrik-kXTR,N,2
Woz9SBDY-hea0,27,140000,Mortgage,0,XoDdskZM-ZPh4,Homeimprovement,C,6000,13.57,0,0.04,DQXWRBPi-c3dJ,N,5
scTZnna2-sKAr,22,34000,Mortgage,6,NXmbqj5w-08mb,Venture,D,15000,15.99,1,0.44,BqhFPN34-7Tgh,Y,2
q4LL8vh9-ZwOe,26,60000,Mortgage,NULL,hrnP8DBA-aWuk,Debtconsolidation,C,8000,7.74,0,NULL,pfPljlrr-ai58,N,3
AHWLiDAk-IfGq,29,138000,Mortgage,0,x0tuUjyP-0T6R,Education,C,25000,13.06,0,0.18,vaJt0CSa-oPd8,Y,10
o5OjKYfk-8p82,21,18000,Rent,2,d53XU5bS-x9mu,Debtconsolidation,C,5800,14.72,1,0.32,gP0CxJJB-ckBQ,Y,4
xbDqpkwp-cPtP,27,110000,Mortgage,11,yI1UELyJ-5HXw,Homeimprovement,A,3600,6.03,0,0.03,2GJxDDNX-5u8s,N,5
aCtlo1Qq-x5Zm,23,56000,Rent,7,oYaMy7NR-5ZbG,Venture,C,4000,15.23,0,0.07,ESUQ3c2l-tK5M,Y,4
05AU2u3q-jNEJ,25,45000,Rent,0,2jgsNDsK-S45I,Venture,C,10000,12.98,0,0.22,2nr9qAH9-x2vh,Y,2
oHzfiBMd-2uDz,21,100000,Mortgage,3,pgj4NgUo-6xut,Venture,A,6200,8.49,0,0.06,ZxtPJ73K-lYRB,N,4
2t0KNhlF-sgyP,23,62000,Mortgage,3,qaaU5wjK-6jog,Medical,A,9000,NULL,0,0.15,GZKySWkk-KU5v,N,4
lyvPnMDa-jRzQ,26,64000,Mortgage,2,3LRJeKA3-MyjK,Personal,D,8000,14.96,0,0.13,dKgLfoZ5-L9hp,Y,2
tad8vkTn-vp4l,33,48000,Rent,17,TOt8c6L6-s7ik,Debtconsolidation,B,3500,11.86,0,0.07,RrDGKyTj-Klus,N,10
xhemWolM-MM7N,29,83500,Rent,1,fOUgUSMH-agB9,Homeimprovement,C,15000,13.43,0,0.18,hjRnTwsT-TaRi,Y,10
rcY8j8HU-wFXL,36,69996,Rent,6,oLAq2G0I-mh0l,Venture,B,20400,10.37,0,0.29,umaFFTqR-axCu,N,14
kfwxAY2o-qxxz,24,28932,Mortgage,4,2rgCOvED-fSE5,Personal,C,10000,NULL,0,0.35,j60BlQ8k-i22z,Y,2
miY6B7cI-LZul,29,105000,Mortgage,11,bd2QpytU-DnDz,Homeimprovement,D,15000,14.42,0,0.14,tPzOGA4K-DJbY,Y,5
Cnuy6SwR-uSFa,24,22000,Mortgage,8,eZU8jR47-JYbh,Personal,A,8000,5.42,0,0.36,aTrjdsGa-Surq,N,4
JcWg88Iv-TKYq,31,55000,Rent,3,7eo61nWW-egAU,Personal,B,6000,10.38,0,0.11,OH88qG3c-dx7l,N,6
FE0BWZlW-I2DA,22,41000,Rent,6,BmaIFuon-Wd4S,Venture,A,5000,NULL,0,0.12,69CaK92q-Ja6W,N,2
RnzUnhl7-TDvQ,26,85000,Rent,2,inNswnu4-JP3J,Venture,A,28000,7.49,1,0.33,Q5xs9SPO-JsWw,N,3
2j9aYM3b-Nvsn,22,42996,Rent,3,62kFhjQ3-7Q5Q,Personal,C,15000,NULL,1,NULL,k4QBqTCv-PTtl,Y,2
so6CahqT-A3FB,39,48500,Rent,1,qswk7OmS-MBwQ,Personal,B,5000,10.99,0,0.1,yw7ea1as-462M,N,13
zkFNiaiq-S3KA,29,150000,Mortgage,14,aCvxYvg3-1uQU,Venture,A,12000,5.42,0,0.08,Pvox78f0-Mriv,N,9
yNyNhScf-j8HK,NULL,NULL,Rent,0,RL9ix8A2-FIXL,Homeimprovement,A,23800,6.91,1,0.4,jvW0p5ee-SN58,N,15
QSi3n1uR-x95v,24,52000,Mortgage,8,4gZM9xoI-Wa0z,Personal,B,5000,10.99,0,0.1,KptO4H6R-yYw7,N,3
C1z2eWEB-rCR8,25,82560,Rent,6,oPdgizsR-A37I,Debtconsolidation,A,4500,7.42,0,0.05,0PZscGxH-IOSj,N,3
aYErltpS-pqdy,25,42000,Mortgage,NULL,7ouIOJYQ-7cFX,Venture,B,3500,10.36,0,0.08,6P4CmUxr-oKzY,N,2
H3x7s6vv-71FP,22,68250,Rent,4,O7T0uM2z-qa18,Education,F,6000,19.13,0,0.09,Tped7bZT-QIPT,Y,3
0SyYsnkP-H1X1,29,50000,Mortgage,2,a2naLoSJ-inA4,Medical,A,5000,NULL,0,0.1,RvJSiigN-4LWQ,N,6
3M4XTID4-9GvH,37,65000,Rent,7,CcpkW0XE-1NMs,Homeimprovement,C,12000,13.98,0,0.18,13cyvdYm-pr3R,N,12
DdWlM117-ak62,24,39000,Rent,0,jWGSXAJI-eyvO,Medical,D,3000,14.61,1,0.08,rJXOeRDr-R6MB,Y,4
gnEgOIEj-8ato,22,32000,Rent,2,LhOctYN4-la2N,Venture,C,10000,13.22,1,0.31,TfUlan3h-KTk5,N,3
wdGbXa2N-Qnuh,22,35000,Rent,5,nkAs8zn7-9Wnv,Education,A,8000,7.29,0,0.23,Nggpr8Iy-a85p,N,2
7ZuvyXOR-xwEY,27,129900,Mortgage,11,MMcIX8ZE-v8LE,Medical,B,3100,11.11,0,0.02,4m5fpTRE-G6wQ,N,8
SAk9mFbQ-vOYx,30,62900,Mortgage,2,57FElPXJ-NC5j,Medical,B,10000,NULL,1,0.14,ijgcYjYU-LSFt,N,6
9DIN9EgY-RIeS,25,65000,Rent,3,bqqMkyuP-ON0X,Personal,D,18000,15.33,1,0.28,jgbx81Mm-8h8x,N,4
bvxfcsYz-78hf,24,62400,Rent,8,hYW1c9t4-3BiA,Venture,B,20000,11.12,1,0.32,rwUmzgZy-WKZB,N,2
vuapM6Wp-q7r1,22,52000,Rent,6,ZjdyUQ9p-0x7B,Venture,B,10000,11.71,0,0.19,FSggdWZM-oovG,N,2
71Mt5hfG-Po21,23,51996,Rent,0,aGsSWFDK-hHbI,Homeimprovement,F,3400,17.58,1,0.07,oLwhrmE7-lHgx,N,4
o4yi874X-RGpB,38,49000,Mortgage,10,LPJIk4fp-LdOX,Debtconsolidation,B,7250,11.99,0,0.15,y6MaM6Rf-L2SG,N,11
BPAengDm-hWex,33,75000,Mortgage,6,rU7z9eQF-mfnl,Personal,A,12000,5.42,0,0.16,f2bziC0i-5pkv,N,10
0eErRc45-AUk2,24,29000,Mortgage,1,hfSAzfJo-7ZUS,Medical,D,6000,15.62,1,0.21,4BIG7MD1-6oJS,N,3
3amLR3AC-LcAN,23,45000,Rent,2,2LBnLfBA-WhOj,Education,C,4800,13.22,0,0.11,xIjSvvwD-3SAs,Y,4
E7eKdNOA-EPe2,24,82726,Mortgage,7,GKsDQ5Xi-lKp1,Education,C,20000,NULL,0,0.24,E9Ab4TwF-rmwC,Y,4
ogjcfsMo-4O7C,45,100000,Mortgage,16,vhqf1mUH-PAD9,Personal,A,16000,6.62,0,0.16,hMNsTBOW-ZOfy,N,16
cc3wv8uE-fRxD,30,10800,Own,NULL,xjqEnye2-0mE0,Education,B,2400,9.99,1,0.22,CoBbS8rp-fkxK,N,7
9lgpuyhI-BqaK,24,85000,Rent,6,3oCDjpQh-rQz8,Personal,C,10000,13.72,0,0.12,dfFDLHBX-IBLX,Y,2
cXvHZFSH-fWdu,37,63000,Rent,0,nQtnISC6-GBcf,Homeimprovement,B,4000,NULL,0,0.06,bx4ckIiM-TSXp,N,13
9B8sPylb-hbXs,24,86400,Rent,5,blbPFAdO-bA5B,Debtconsolidation,C,2800,14.65,0,0.03,7UrG6Gzz-T3tu,Y,4
FNqtI3Um-KhcY,22,30000,Own,6,0CA3ryIJ-pmoT,Venture,A,6000,7.49,0,0.2,fxYl6IhU-1p6c,N,3
NnKQAWZp-yWKn,48,94050,Mortgage,1,3zL26JGx-jKAA,Debtconsolidation,D,23000,14.96,1,0.24,UbREX8Sj-bRoG,Y,16
mY36fJog-JjHt,42,42000,Rent,0,ipOcrQwc-AX5a,Personal,B,12000,10.37,0,0.29,C7JfNzbg-1Tpu,N,11
d44pxAM6-jiUt,32,35100,Mortgage,3,8xjFrsuK-6YrH,Venture,D,10000,15.95,0,0.28,8h9fh6D7-oFNn,Y,5
Yjt4H72T-xDAY,25,70000,Rent,0,fD3564jW-pTKs,Education,B,12000,11.99,0,0.17,gPFZUUH8-n9tj,N,2
1iqKQzS8-YiHh,22,56400,Rent,2,utr7EhhD-ntol,Education,A,9500,8.9,0,0.17,NU2Idk7R-mwr8,N,2
LDKkl1Z8-sjpI,28,53544,Rent,12,5aOMkunq-yQah,Homeimprovement,C,1800,NULL,0,0.03,hKj9qMma-gbc5,Y,7
68tLO9dS-mZ9H,30,96000,Rent,4,t7zapY15-PIx1,Personal,C,12900,14.79,0,0.13,6MH1gX3C-UEIY,N,9
6CAkaOtT-FlLe,25,38000,Rent,9,ykDz5OWa-e5CU,Personal,E,15000,16.45,1,0.39,BxwOdxv2-yLTm,Y,3
83iuBO6H-NTNb,22,110000,Rent,3,0Bj86lXi-5zWT,Debtconsolidation,B,12600,10.75,0,0.11,YLqn4MZU-PHHv,N,2
lcttUZPf-RJKG,24,39000,Rent,1,U30nLfD2-Wqn2,Debtconsolidation,D,10000,14.11,1,0.26,rYisa743-WQzH,N,3
abk73so2-Tllk,23,36000,Own,NULL,wJGKwF7E-h14m,Venture,A,5500,5.42,0,0.15,MC94v0sP-iFHx,N,3
Xqu9oDNW-RLBx,22,94200,Mortgage,6,0hp1CtqO-eBTT,Personal,B,20000,8.88,0,0.21,dDxAXA0Z-vqXP,N,2
TZZH6RqR-XYAD,26,108000,Mortgage,4,JOwHdf18-4ZCF,Homeimprovement,B,7200,9.62,0,0.07,MHxO6vdE-RRuz,N,2
7xBTR5Xc-fKMr,37,63000,Rent,1,vA9Eo166-NTrl,Debtconsolidation,A,14900,9.63,0,0.24,vfK6myHl-d9g6,N,13
CuROQMWF-zjaT,31,86000,Rent,2,y4h9JSpZ-wAP4,Debtconsolidation,A,5000,NULL,0,0.06,F0UMZKuD-XRUp,N,8
pNnqq0Ql-mXDg,22,51000,Rent,6,c3aDZaHQ-Yz61,Personal,A,7500,5.99,0,0.15,jgLTv4dz-RrbJ,N,2
MtLOuu32-cO4M,22,73000,Mortgage,6,PiCjLMqk-yEKv,Venture,A,7000,7.49,0,0.1,BRn0sZTW-7GRA,N,2
0NcvDy4a-ra9l,32,55000,Mortgage,16,hA9PpqeO-xYEF,Personal,C,7000,13.48,0,0.13,xrPp1xs2-GOHF,Y,8
zF1bshNZ-FRnj,36,32004,Rent,3,WvOi7bdP-HhRc,Venture,B,5000,10.62,0,0.16,Blu96Hto-kjNz,N,15
M7yreSbX-q0T6,31,31600,Mortgage,4,9UlzzP3H-6UzQ,Medical,B,7500,11.36,0,0.24,cIYI5DQa-bEQo,N,10
Z6iINXcB-1xSE,30,69996,Rent,0,g5hPInti-rdkS,Personal,B,2000,10.65,0,0.03,yT86cnMq-Mh3I,N,10
WOMKhOtb-vAM4,30,45000,Rent,0,FAu2Cuvh-iGNx,Personal,B,6000,12.69,0,0.13,53LXAXHC-xg8X,N,8
0QZYaRLo-fwju,22,82000,Mortgage,6,RZSgsRRe-LluF,Debtconsolidation,C,6000,NULL,0,0.07,iYPWAMQT-AF64,N,2
T1iq7xpv-41Fa,32,56784,Own,3,mD49akDA-s4O3,Personal,D,12000,14.96,0,0.21,2tjCLszN-Gt0F,Y,10
mcOyb7Xa-mQbo,24,125000,Rent,6,Qds27pJg-CDGI,Personal,A,4800,6.76,0,0.04,5SPg4r1B-0JsK,N,3
Uqsqyyca-wl9E,23,56100,Mortgage,3,2Bugq7PU-rQ39,Medical,B,5650,10.99,1,0.09,DScKqKXd-gYhC,N,3
3uHGb138-Wgzc,24,45000,Rent,8,QNrT4YkB-dxhH,Medical,E,20000,NULL,1,0.44,l2SmoPH5-zg2g,N,2
IJBAF6fd-hDCG,27,38004,Mortgage,0,DYSp2tmg-rf3h,Debtconsolidation,D,12000,16.77,1,0.32,oPJrwpj6-jMXt,N,6
ObhGRoP1-HMH3,37,21600,Rent,4,GXDnKErI-90Wl,Medical,D,3800,NULL,1,0.18,vrKiIMwa-nRfP,N,11
ndgUXZ25-4cDO,33,19200,Rent,NULL,TPTQCpN9-F7f1,Personal,B,6000,10.65,1,0.31,oUvFpzGY-3pez,N,6
IIDhQU9L-iAud,29,110000,Mortgage,0,n4r5UiNO-d4ZA,Education,A,8500,7.51,0,0.08,GQgPEb2S-ityd,N,10
CgkgmqAI-bXfk,23,54000,Rent,7,R4Lvrgcv-B1cq,Debtconsolidation,B,15550,11.71,0,0.29,EJfFZ22H-HLG4,N,4
aptPvJL6-WOda,28,71874,Rent,6,SXsEbOb2-GRib,Debtconsolidation,B,20000,11.48,0,0.28,ifOUCah0-CO6X,N,6
toufXovc-wkaL,23,30000,Own,1,HnYtBDYl-t6ch,Personal,A,5000,6.62,0,0.17,ugUoKoo8-TxS4,N,2
ofOjsPx5-u7C9,46,180000,Mortgage,31,TY1xUpSr-8ljQ,Medical,B,18000,9.91,0,0.1,bBEfTME8-aC2R,N,12
FJfRTeKm-WHyc,24,52000,Mortgage,2,l7Pksz8q-pdss,Medical,A,4800,NULL,0,0.09,ZphhQEoL-aK2M,N,2
puFH2jId-fYn1,30,20520,Rent,0,4AElqFkP-JQ7j,Medical,B,5000,9.99,0,0.24,tiGQEEBu-EOky,N,9
l7TlibFa-hGkH,34,67392,Mortgage,0,60NSc0IY-GNAG,Personal,C,15000,13.85,1,0.22,8drWdA2H-aQUj,Y,5
